taxonomy_version,level,slug,label,parent_slug,description,display_order,source_cluster_ids
taxonomy_v2,topic,administracao_territorial_e_organizacao_local,Administração Territorial e Organização Local,,,1,"0,1,2,54,98"
taxonomy_v2,subtopic,alteracao_de_denominacao_de_unioes_de_freguesias,Alteração de denominação de uniões de freguesias,administracao_territorial_e_organizacao_local,"Propostas que tratam da mudança de nome ou denominação oficial de uniões de freguesias, especialmente após reorganizações administrativas.",,2
taxonomy_v2,subtopic,alteracao_e_delimitacao_de_limites_territoriais_de_freguesias,Alteração e delimitação de limites territoriais de freguesias,administracao_territorial_e_organizacao_local,"Projetos que propõem mudanças nos limites territoriais entre freguesias e uniões de freguesias, incluindo delimitações e reorganizações administrativas.",,1
taxonomy_v2,subtopic,descentralizacao_e_regionalizacao_dos_servicos_publicos,Descentralização e regionalização dos serviços públicos,administracao_territorial_e_organizacao_local,"Propostas que abordam a descentralização administrativa, regionalização, deslocalização de serviços públicos e coesão territorial.",,54
taxonomy_v2,subtopic,elevacao_de_povoacoes_a_categoria_de_vila,Elevação de povoações à categoria de vila,administracao_territorial_e_organizacao_local,"Propostas legislativas que tratam da elevação de povoações e freguesias à categoria oficial de vila, com fundamentação histórica e cultural.",,0
taxonomy_v2,subtopic,financiamento_e_gestao_financeira_das_autarquias,Financiamento e gestão financeira das autarquias,administracao_territorial_e_organizacao_local,"Propostas relacionadas com o regime financeiro das autarquias locais, endividamento municipal e gestão territorial.",,98
taxonomy_v2,topic,ambiente_energia_e_agricultura_sustentavel,"Ambiente, Energia e Agricultura Sustentável",,,2,"26,57,59,61,68,70,71,75,82"
taxonomy_v2,subtopic,apoio_a_agricultores_e_recuperacao_pos_tempestades,Apoio a Agricultores e Recuperação Pós-Tempestades,ambiente_energia_e_agricultura_sustentavel,Propostas que recomendam medidas de apoio financeiro e recuperação para agricultores afetados por tempestades e fenómenos meteorológicos extremos.,,70
taxonomy_v2,subtopic,comunidades_de_energia_renovavel_e_pobreza_energetica,Comunidades de Energia Renovável e Pobreza Energética,ambiente_energia_e_agricultura_sustentavel,Propostas que recomendam estratégias para desenvolvimento e democratização das comunidades de energia renovável e combate à pobreza energética.,,61
taxonomy_v2,subtopic,gestao_e_conservacao_dos_recursos_hidricos_e_regadio,Gestão e Conservação dos Recursos Hídricos e Regadio,ambiente_energia_e_agricultura_sustentavel,"Propostas relacionadas com a gestão da água, combate à seca, modernização do regadio e proteção dos recursos hídricos em Portugal.",,71
taxonomy_v2,subtopic,implementacao_da_lei_de_bases_do_clima_e_metas_de_reducao_de_emissoes,Implementação da Lei de Bases do Clima e Metas de Redução de Emissões,ambiente_energia_e_agricultura_sustentavel,"Propostas que recomendam o cumprimento e execução da Lei de Bases do Clima, com foco em metas para 2030 e redução de gases de efeito estufa.",,59
taxonomy_v2,subtopic,medidas_de_apoio_e_mitigacao_de_incendios_florestais_e_fenomenos_naturais,Medidas de Apoio e Mitigação de Incêndios Florestais e Fenómenos Naturais,ambiente_energia_e_agricultura_sustentavel,"Propostas relacionadas com apoio às vítimas, mitigação de danos e políticas para incêndios florestais e eventos climáticos extremos.",,57
taxonomy_v2,subtopic,prevencao_e_recuperacao_ambiental_do_parque_natural_da_serra_da_estrela,Prevenção e recuperação ambiental do Parque Natural da Serra da Estrela,ambiente_energia_e_agricultura_sustentavel,"Propostas que recomendam medidas para prevenção de incêndios, reflorestação e conservação ecológica no Parque Natural da Serra da Estrela e áreas florestais protegidas.",,75
taxonomy_v2,subtopic,producao_agricola_sustentavel_e_protecao_ambiental,Produção Agrícola Sustentável e Proteção Ambiental,ambiente_energia_e_agricultura_sustentavel,"Propostas que promovem a produção agrícola nacional sustentável, proteção do espaço marítimo e avaliações de impacto ambiental.",,68
taxonomy_v2,subtopic,protecao_ambiental_e_valorizacao_de_espacos_verdes_municipais,Proteção ambiental e valorização de espaços verdes municipais,ambiente_energia_e_agricultura_sustentavel,"Propostas focadas na preservação, valorização ecológica e classificação de áreas verdes urbanas, como a Quinta dos Ingleses em Cascais.",,82
taxonomy_v2,subtopic,protecao_e_bem_estar_animal,Proteção e bem-estar animal,ambiente_energia_e_agricultura_sustentavel,"Iniciativas sobre prevenção de maus-tratos, proteção e bem-estar de animais, sobretudo animais de companhia.",,26
taxonomy_v2,topic,educacao_e_inclusao_social,Educação e Inclusão Social,,,3,"6,13,14,15,17,19,20,21,29,34,39,42,47,64,65"
taxonomy_v2,subtopic,acolhimento_familiar_e_adocao_de_criancas_e_jovens,Acolhimento familiar e adoção de crianças e jovens,educacao_e_inclusao_social,"Propostas sobre acolhimento familiar, adoção, proteção de crianças e jovens e apoio às famílias nesse contexto.",,34
taxonomy_v2,subtopic,apoio_social_e_alojamento_para_estudantes_do_ensino_superior,Apoio Social e Alojamento para Estudantes do Ensino Superior,educacao_e_inclusao_social,"Propostas relacionadas com medidas de apoio social, alojamento e complementos para estudantes do ensino superior, visando reduzir custos e promover equidade.",,65
taxonomy_v2,subtopic,carreira_e_progressao_dos_docentes,Carreira e progressão dos docentes,educacao_e_inclusao_social,"Propostas que abordam a carreira, progressão, tempo de serviço e condições laborais dos professores e docentes em geral.",,21
taxonomy_v2,subtopic,carreiras_e_valorizacao_dos_assistentes_escolares,Carreiras e valorização dos assistentes escolares,educacao_e_inclusao_social,"Propostas relacionadas com a criação, valorização e regulamentação das carreiras dos assistentes operacionais e técnicos nas escolas.",,20
taxonomy_v2,subtopic,educacao_inclusiva_e_apoio_a_alunos_com_necessidades_especiais,Educação inclusiva e apoio a alunos com necessidades especiais,educacao_e_inclusao_social,"Iniciativas que recomendam melhorias no regime jurídico da educação inclusiva, formação de professores e recursos para alunos com deficiência.",,29
taxonomy_v2,subtopic,ensino_da_lingua_portuguesa_e_manuais_escolares,Ensino da língua portuguesa e manuais escolares,educacao_e_inclusao_social,"Propostas que abordam o ensino do português, acesso ao ensino no estrangeiro e a disponibilização de manuais escolares para alunos.",,17
taxonomy_v2,subtopic,financiamento_e_acesso_as_refeicoes_escolares,Financiamento e acesso às refeições escolares,educacao_e_inclusao_social,Propostas que recomendam atualização do financiamento público e garantia de acesso às refeições escolares para crianças e jovens.,,14
taxonomy_v2,subtopic,gratuidade_e_limitacao_de_propinas_no_ensino_superior,Gratuidade e Limitação de Propinas no Ensino Superior,educacao_e_inclusao_social,"Propostas legislativas focadas na eliminação, redução ou limitação das propinas e outras taxas no ensino superior público para facilitar o acesso dos estudantes.",,64
taxonomy_v2,subtopic,identidade_e_expressao_de_genero_no_contexto_escolar,Identidade e expressão de género no contexto escolar,educacao_e_inclusao_social,"Propostas que tratam da autodeterminação da identidade de género, expressão de género e proteção das características sexuais no âmbito escolar.",,19
taxonomy_v2,subtopic,inclusao_de_estudantes_com_necessidades_educativas_especificas_no_ensino_superior,Inclusão de estudantes com necessidades educativas específicas no ensino superior,educacao_e_inclusao_social,Propostas que estabelecem regimes jurídicos e promovem a inclusão e autonomia de estudantes com necessidades educativas específicas no ensino superior.,,39
taxonomy_v2,subtopic,integracao_e_carreira_na_administracao_publica,Integração e carreira na administração pública,educacao_e_inclusao_social,"Propostas que tratam da integração de trabalhadores, requalificação, carreira e condições laborais na administração pública.",,42
taxonomy_v2,subtopic,rede_publica_de_creches_e_educacao_infantil,Rede pública de creches e educação infantil,educacao_e_inclusao_social,Propostas para criação e expansão de redes públicas de creches garantindo acesso e qualidade na educação infantil.,,13
taxonomy_v2,subtopic,regime_juridico_e_gestao_das_instituicoes_de_ensino_superior,Regime jurídico e gestão das instituições de ensino superior,educacao_e_inclusao_social,"Propostas que alteram o regime jurídico das instituições de ensino superior, incluindo gestão democrática, estatutos e organização interna.",,47
taxonomy_v2,subtopic,requalificacao_e_obras_em_escolas_basicas_e_secundarias,Requalificação e obras em escolas básicas e secundárias,educacao_e_inclusao_social,"Propostas que recomendam ou solicitam obras de requalificação, reabilitação e melhoria das condições físicas de escolas básicas e secundárias.",,6
taxonomy_v2,subtopic,saude_mental_em_escolas_e_ensino_superior,Saúde mental em escolas e ensino superior,educacao_e_inclusao_social,"Propostas para criação de serviços de psicologia nas escolas e ensino superior, além de linhas de apoio para saúde mental.",,15
taxonomy_v2,topic,financas_publicas_fiscalidade_e_regulacao_financeira,"Finanças Públicas, Fiscalidade e Regulação Financeira",,,4,"48,49,60,66,67,89,90,92,93,94,95,96,99"
taxonomy_v2,subtopic,alteracoes_gerais_ao_codigo_do_irs,Alterações gerais ao Código do IRS,financas_publicas_fiscalidade_e_regulacao_financeira,"Propostas que alteram o Código do Imposto sobre o Rendimento das Pessoas Singulares, incluindo escalões, deduções e regimes fiscais.",,95
taxonomy_v2,subtopic,analise_e_recomendacoes_ao_programa_de_estabilidade_orcamental,Análise e Recomendações ao Programa de Estabilidade Orçamental,financas_publicas_fiscalidade_e_regulacao_financeira,"Propostas que discutem, rejeitam ou recomendam alterações ao Programa de Estabilidade, abordando crescimento, investimento e políticas fiscais.",,60
taxonomy_v2,subtopic,deducoes_fiscais_para_dependentes_no_irs,Deduções fiscais para dependentes no IRS,financas_publicas_fiscalidade_e_regulacao_financeira,Propostas que visam reforçar deduções e benefícios fiscais relacionados com dependentes e famílias no âmbito do IRS.,,94
taxonomy_v2,subtopic,financiamento_e_beneficios_fiscais_dos_partidos_politicos,Financiamento e benefícios fiscais dos partidos políticos,financas_publicas_fiscalidade_e_regulacao_financeira,"Propostas que tratam da regulação, redução ou eliminação de benefícios fiscais e subvenções públicas atribuídas a partidos políticos e campanhas eleitorais.",,48
taxonomy_v2,subtopic,orcamento_do_estado_e_disposicoes_gerais,Orçamento do Estado e disposições gerais,financas_publicas_fiscalidade_e_regulacao_financeira,"Propostas referentes ao Orçamento do Estado, apresentadas pela Presidência do Conselho de Ministros, com disposições preliminares e gerais.",,99
taxonomy_v2,subtopic,pagamentos_em_atraso_e_compromissos_do_estado,Pagamentos em atraso e compromissos do Estado,financas_publicas_fiscalidade_e_regulacao_financeira,"Propostas que abordam a problemática dos atrasos nos pagamentos do Estado a fornecedores e outras entidades, incluindo revogação da legislação relacionada.",,90
taxonomy_v2,subtopic,reducao_da_taxa_de_iva_sobre_eletricidade_e_gas,Redução da Taxa de IVA sobre Eletricidade e Gás,financas_publicas_fiscalidade_e_regulacao_financeira,Propostas que visam reduzir a taxa do Imposto sobre o Valor Acrescentado (IVA) aplicada aos consumos de eletricidade e gás para aliviar o custo para famílias e empresas.,,66
taxonomy_v2,subtopic,reforma_fiscal_e_tributacao_de_empresas,Reforma fiscal e tributação de empresas,financas_publicas_fiscalidade_e_regulacao_financeira,"Propostas relacionadas com o código do IRC, benefícios fiscais, tributação de empresas e justiça fiscal.",,96
taxonomy_v2,subtopic,reformas_e_regras_do_sistema_eleitoral_e_voto,Reformas e regras do sistema eleitoral e voto,financas_publicas_fiscalidade_e_regulacao_financeira,"Propostas relacionadas com alterações às leis eleitorais, direitos dos eleitores, organização dos círculos eleitorais e processos de votação.",,49
taxonomy_v2,subtopic,reformas_no_iva_e_obrigacoes_fiscais,Reformas no IVA e obrigações fiscais,financas_publicas_fiscalidade_e_regulacao_financeira,"Propostas que tratam da simplificação, isenção e alterações no imposto sobre o valor acrescentado (IVA) e outras obrigações fiscais para empresas e sujeitos passivos.",,89
taxonomy_v2,subtopic,regulacao_e_controlo_dos_precos_dos_combustiveis,Regulação e Controlo dos Preços dos Combustíveis,financas_publicas_fiscalidade_e_regulacao_financeira,"Propostas para fixar preços de referência, combater especulação e reduzir os preços dos combustíveis como gasolina, gasóleo e GPL.",,67
taxonomy_v2,subtopic,regulacao_financeira_europeia_e_criptoativos,Regulação financeira europeia e criptoativos,financas_publicas_fiscalidade_e_regulacao_financeira,"Propostas relacionadas com a transposição de diretivas europeias, regulação de criptoativos e resiliência operacional do setor financeiro.",,93
taxonomy_v2,subtopic,supervisao_e_regulacao_do_sistema_financeiro,Supervisão e regulação do sistema financeiro,financas_publicas_fiscalidade_e_regulacao_financeira,"Propostas que tratam da supervisão, transparência e regulação das instituições de crédito e do sistema financeiro em Portugal.",,92
taxonomy_v2,topic,governanca_justica_e_administracao_publica,"Governança, Justiça e Administração Pública",,,5,"31,35,81,83,84,91"
taxonomy_v2,subtopic,cultura_patrimonio_e_direitos_autorais,"Cultura, património e direitos autorais",governanca_justica_e_administracao_publica,"Propostas sobre preservação e valorização do património cultural, direitos de autor, direitos conexos e regulação do setor cultural, audiovisual e rádio.",,"35,81"
taxonomy_v2,subtopic,reformas_e_funcionamento_dos_tribunais_administrativos,Reformas e funcionamento dos tribunais administrativos,governanca_justica_e_administracao_publica,"Propostas relacionadas com a organização, funcionamento e reformas dos tribunais administrativos e fiscais, incluindo celeridade processual e recrutamento de magistrados.",,83
taxonomy_v2,subtopic,regulacao_e_supervisao_do_conselho_de_ministros,Regulação e supervisão do Conselho de Ministros,governanca_justica_e_administracao_publica,"Propostas relacionadas com atos legislativos da Presidência do Conselho de Ministros, incluindo regulação de serviços digitais, cibersegurança e entidades reguladoras.",,91
taxonomy_v2,subtopic,regulacao_e_transparencia_de_cargos_politicos_e_altos_cargos_publicos,Regulação e transparência de cargos políticos e altos cargos públicos,governanca_justica_e_administracao_publica,"Propostas que tratam de impedimentos, incompatibilidades, transparência e exercício de funções por titulares de cargos políticos e altos cargos públicos.",,84
taxonomy_v2,subtopic,valorizacao_e_condicoes_dos_funcionarios_judiciais,Valorização e condições dos funcionários judiciais,governanca_justica_e_administracao_publica,"Iniciativas que recomendam revisão do estatuto, valorização salarial e melhoria das condições de trabalho para oficiais e funcionários de justiça.",,31
taxonomy_v2,topic,habitacao_urbanismo_e_financiamento,"Habitação, Urbanismo e Financiamento",,,6,"87,88,97,100,101"
taxonomy_v2,subtopic,credito_a_habitacao_e_taxas_de_juro,Crédito à habitação e taxas de juro,habitacao_urbanismo_e_financiamento,Propostas relacionadas com medidas de apoio e proteção dos particulares face ao aumento das taxas de juro nos contratos de crédito para aquisição de habitação própria.,,88
taxonomy_v2,subtopic,medidas_fiscais_para_habitacao_propria,Medidas fiscais para habitação própria,habitacao_urbanismo_e_financiamento,"Propostas que tratam de impostos municipais sobre habitação própria, incluindo IMI e IMT, e incentivos para jovens e famílias.",,97
taxonomy_v2,subtopic,mobilizacao_de_patrimonio_publico_para_habitacao,Mobilização de património público para habitação,habitacao_urbanismo_e_financiamento,Propostas que recomendam a utilização de imóveis públicos devolutos para fins habitacionais e combate à especulação imobiliária.,,101
taxonomy_v2,subtopic,regulacao_do_uso_do_solo_e_ordenamento_territorial_urbano,Regulação do uso do solo e ordenamento territorial urbano,habitacao_urbanismo_e_financiamento,"Propostas que tratam da simplificação, alteração e atualização do regime jurídico da urbanização, edificação, licenciamento e reconversão urbanística de áreas e imóveis.",,87
taxonomy_v2,subtopic,regulacao_e_limitacao_de_rendas_de_arrendamento,Regulação e limitação de rendas de arrendamento,habitacao_urbanismo_e_financiamento,"Propostas que visam limitar aumentos de renda, regular contratos de arrendamento e proteger arrendatários.",,100
taxonomy_v2,topic,justica_penal_seguranca_e_protecao_de_vitimas,"Justiça Penal, Segurança e Proteção de Vítimas",,"Propostas sobre crimes, processo penal, segurança interna, violência doméstica, crimes sexuais e proteção de vítimas.",7,"22,23,33,85,86"
taxonomy_v2,subtopic,alteracoes_ao_codigo_de_processo_penal_e_medidas_penais,Alterações ao Código de Processo Penal e medidas penais,justica_penal_seguranca_e_protecao_de_vitimas,"Propostas que visam alterar o Código de Processo Penal para melhorar celeridade, assistência ao arguido, combate à corrupção e outras medidas penais.",,86
taxonomy_v2,subtopic,combate_ao_terrorismo_e_criminalidade_organizada,Combate ao terrorismo e criminalidade organizada,justica_penal_seguranca_e_protecao_de_vitimas,"Propostas relacionadas com investigação, repressão e prevenção de crimes graves, especialmente terrorismo e criminalidade organizada, incluindo troca de informações e registo criminal.",,85
taxonomy_v2,subtopic,combate_a_violencia_domestica_e_discriminacao,Combate à violência doméstica e discriminação,justica_penal_seguranca_e_protecao_de_vitimas,"Propostas relacionadas com a prevenção e combate à violência doméstica, violência sexual baseada em imagens e discriminação contra mulheres e crianças.",,23
taxonomy_v2,subtopic,crimes_sexuais_e_protecao_das_vitimas,Crimes sexuais e proteção das vítimas,justica_penal_seguranca_e_protecao_de_vitimas,"Propostas que tratam da tipificação, punição e proteção das vítimas em crimes sexuais, incluindo alterações ao código penal.",,22
taxonomy_v2,subtopic,protecao_e_apoio_a_vitimas_de_violencia_domestica,Proteção e apoio a vítimas de violência doméstica,justica_penal_seguranca_e_protecao_de_vitimas,"Iniciativas legislativas que reforçam medidas de proteção, apoio e direitos das vítimas de violência doméstica, incluindo crianças e outras vítimas vulneráveis.",,33
taxonomy_v2,topic,nacionalidade_migracao_e_asilo,"Nacionalidade, Migração e Asilo",,"Propostas sobre nacionalidade, autorização de residência, vistos, asilo, imigração e direitos dos cidadãos estrangeiros.",8,25
taxonomy_v2,subtopic,nacionalidade_residencia_e_direitos_dos_estrangeiros,"Nacionalidade, residência e direitos dos estrangeiros",nacionalidade_migracao_e_asilo,"Propostas sobre nacionalidade, vistos, asilo, autorização de residência e direitos de cidadãos estrangeiros em Portugal.",,25
taxonomy_v2,topic,politica_externa_e_relacoes_internacionais,Política Externa e Relações Internacionais,,"Propostas sobre relações internacionais, reconhecimento diplomático, conflitos externos e posições públicas de Portugal em matéria internacional.",9,"3,4"
taxonomy_v2,subtopic,posicoes_e_recomendacoes_sobre_crises_internacionais_e_direitos_humanos,Posições e recomendações sobre crises internacionais e direitos humanos,politica_externa_e_relacoes_internacionais,"Projetos de resolução que recomendam ações governamentais relativas a situações internacionais, com foco em direitos humanos e comunidades portuguesas no exterior.",,3
taxonomy_v2,subtopic,reconhecimento_do_estado_da_palestina_e_apoio_a_paz_no_medio_oriente,Reconhecimento do Estado da Palestina e apoio à paz no Médio Oriente,politica_externa_e_relacoes_internacionais,Propostas que recomendam o reconhecimento do Estado da Palestina e o apoio a soluções pacíficas para o conflito israelo-palestiniano.,,4
taxonomy_v2,topic,saude_publica_cuidados_e_politicas_sociais,"Saúde Pública, Cuidados e Políticas Sociais",,,10,"7,9,10,11,12,24,27,28,30,32,36,37,38,40,41,45,46,50,69,73,76,79,80"
taxonomy_v2,subtopic,acessibilidade_certificacao_e_direitos_das_pessoas_com_deficiencia,"Acessibilidade, certificação e direitos das pessoas com deficiência",saude_publica_cuidados_e_politicas_sociais,"Propostas sobre acessibilidade, certificação de incapacidade, atestados multiuso, prestações sociais e reforço dos direitos das pessoas com deficiência.",,"12,80"
taxonomy_v2,subtopic,acesso_e_gestao_de_medicamentos_e_farmacias,Acesso e gestão de medicamentos e farmácias,saude_publica_cuidados_e_politicas_sociais,"Propostas relacionadas com o acesso, distribuição, crise de abastecimento e regulamentação de medicamentos e farmácias em Portugal.",,27
taxonomy_v2,subtopic,bioetica_ensaios_clinicos_e_morte_medicamente_assistida,"Bioética, ensaios clínicos e morte medicamente assistida",saude_publica_cuidados_e_politicas_sociais,"Propostas sobre morte medicamente assistida, ensaios clínicos e regimes de decisão clínica com implicações bioéticas.",,69
taxonomy_v2,subtopic,comportamentos_aditivos_jogo_e_substancias_controladas,"Comportamentos aditivos, jogo e substâncias controladas",saude_publica_cuidados_e_politicas_sociais,"Propostas sobre jogo, apostas, publicidade associada, jogo patológico e regulação de substâncias controladas ou psicoativas.",,50
taxonomy_v2,subtopic,condicoes_laborais_e_valorizacao_da_carreira_de_enfermagem,Condições laborais e valorização da carreira de enfermagem,saude_publica_cuidados_e_politicas_sociais,"Propostas que tratam do reconhecimento do desgaste rápido, regimes laborais específicos e valorização salarial para enfermeiros.",,30
taxonomy_v2,subtopic,contribuicoes_e_beneficios_dos_subsistemas_de_saude_para_militares,Contribuições e benefícios dos subsistemas de saúde para militares,saude_publica_cuidados_e_politicas_sociais,Propostas que tratam da redução e regulação das contribuições para subsistemas de saúde específicos dos militares e beneficiários das forças armadas.,,73
taxonomy_v2,subtopic,cuidados_continuados_integrados,Cuidados continuados integrados,saude_publica_cuidados_e_politicas_sociais,Propostas que visam o reforço e expansão da Rede Nacional de Cuidados Continuados Integrados e melhoria das respostas sociais associadas.,,10
taxonomy_v2,subtopic,direitos_e_protecao_na_gravidez_e_parto,Direitos e proteção na gravidez e parto,saude_publica_cuidados_e_politicas_sociais,"Propostas focadas na proteção dos direitos das mulheres grávidas, prevenção da violência obstétrica e humanização dos cuidados no parto.",,40
taxonomy_v2,subtopic,doencas_cronicas_e_comparticipacao_de_tratamentos,Doenças crónicas e comparticipação de tratamentos,saude_publica_cuidados_e_politicas_sociais,"Propostas que tratam da diabetes, doença de Crohn, epidermólise bolhosa e regimes de comparticipação para medicamentos e dispositivos médicos.",,28
taxonomy_v2,subtopic,doencas_femininas_e_dadiva_de_sangue,Doenças femininas e dádiva de sangue,saude_publica_cuidados_e_politicas_sociais,"Propostas relacionadas com a endometriose, adenomioma, saúde menstrual e incentivos à dádiva voluntária de sangue.",,24
taxonomy_v2,subtopic,gestao_e_reforco_do_servico_nacional_de_saude_sns,Gestão e reforço do Serviço Nacional de Saúde (SNS),saude_publica_cuidados_e_politicas_sociais,"Iniciativas sobre modelos de gestão, financiamento, infraestruturas, cuidados primários, hospitais, parcerias e reforço do SNS para melhorar a prestação de cuidados de saúde.",,"36,45,46"
taxonomy_v2,subtopic,isencao_e_eliminacao_de_taxas_moderadoras_no_sns,Isenção e eliminação de taxas moderadoras no SNS,saude_publica_cuidados_e_politicas_sociais,"Propostas legislativas focadas na eliminação ou isenção do pagamento de taxas moderadoras para acesso a cuidados de saúde no Serviço Nacional de Saúde, incluindo transporte de doentes.",,32
taxonomy_v2,subtopic,licenca_parental_e_direitos_de_maternidade_paternidade,Licença parental e direitos de maternidade/paternidade,saude_publica_cuidados_e_politicas_sociais,"Projetos que ampliam e garantem direitos relacionados à licença parental, períodos de licença, subsídios e proteção no trabalho para progenitores.",,38
taxonomy_v2,subtopic,pensoes_complementos_e_sustentabilidade_do_sistema_publico,"Pensões, complementos e sustentabilidade do sistema público",saude_publica_cuidados_e_politicas_sociais,"Propostas sobre atualização de pensões, complementos para pensionistas, idade legal de reforma, regimes especiais e sustentabilidade do sistema público de pensões.",,"76,79"
taxonomy_v2,subtopic,politicas_para_pessoas_idosas,Políticas para pessoas idosas,saude_publica_cuidados_e_politicas_sociais,"Propostas dirigidas ao reconhecimento de direitos, proteção e reforço da rede de apoio para pessoas idosas.",,11
taxonomy_v2,subtopic,procriacao_medicamente_assistida_e_infertilidade,Procriação medicamente assistida e infertilidade,saude_publica_cuidados_e_politicas_sociais,"Propostas relacionadas com acesso, regulamentação e apoio a tratamentos de procriação medicamente assistida e infertilidade.",,41
taxonomy_v2,subtopic,rastreio_e_tratamento_do_cancro,Rastreio e tratamento do cancro,saude_publica_cuidados_e_politicas_sociais,"Propostas relacionadas com o alargamento do rastreio precoce e acesso a tratamentos para o cancro, especialmente o cancro da mama.",,9
taxonomy_v2,subtopic,reforco_e_expansao_dos_cuidados_paliativos,Reforço e expansão dos cuidados paliativos,saude_publica_cuidados_e_politicas_sociais,"Projetos que recomendam o desenvolvimento, alargamento e melhoria da rede nacional de cuidados paliativos para doentes oncológicos e em fim de vida.",,7
taxonomy_v2,subtopic,valorizacao_e_condicoes_dos_profissionais_de_saude_no_sns,Valorização e condições dos profissionais de saúde no SNS,saude_publica_cuidados_e_politicas_sociais,"Propostas que visam melhorar a remuneração, estabilidade, dedicação e estatutos dos profissionais do Serviço Nacional de Saúde.",,37
taxonomy_v2,topic,trabalho_direitos_laborais_e_recursos_humanos,"Trabalho, Direitos Laborais e Recursos Humanos",,,11,"5,8,16,18,55,56,72,74,77,78"
taxonomy_v2,subtopic,aumento_do_salario_minimo_nacional,Aumento do salário mínimo nacional,trabalho_direitos_laborais_e_recursos_humanos,Propostas focadas no aumento do salário mínimo nacional e melhoria das remunerações dos trabalhadores.,,8
taxonomy_v2,subtopic,carreira_e_condicoes_dos_investigadores_cientificos,Carreira e condições dos investigadores científicos,trabalho_direitos_laborais_e_recursos_humanos,"Propostas relacionadas com o regime laboral, carreira, bolsas e valorização dos investigadores científicos e do pessoal de apoio à investigação.",,16
taxonomy_v2,subtopic,condicoes_laborais_e_valorizacao_das_forcas_de_seguranca_e_militares,Condições laborais e valorização das forças de segurança e militares,trabalho_direitos_laborais_e_recursos_humanos,"Propostas sobre condições de trabalho, saúde mental, habitação, remuneração, recrutamento e valorização de profissionais das forças de segurança e militares.",,"74,78"
taxonomy_v2,subtopic,direitos_laborais_jornada_ferias_e_descanso,"Direitos laborais: jornada, férias e descanso",trabalho_direitos_laborais_e_recursos_humanos,"Propostas que visam assegurar direitos dos trabalhadores relacionados com horas de trabalho, férias, feriados, descanso e alterações ao Código do Trabalho.",,55
taxonomy_v2,subtopic,igualdade_de_genero_e_combate_a_discriminacao_salarial,Igualdade de género e combate à discriminação salarial,trabalho_direitos_laborais_e_recursos_humanos,"Propostas focadas na promoção da igualdade entre mulheres e homens, especialmente na remuneração e representação em órgãos de gestão.",,18
taxonomy_v2,subtopic,reformas_do_codigo_do_trabalho_e_direitos_laborais,Reformas do Código do Trabalho e Direitos Laborais,trabalho_direitos_laborais_e_recursos_humanos,"Propostas focadas na alteração do Código do Trabalho para reforçar direitos dos trabalhadores, combater precariedade e regular contratos e despedimentos.",,56
taxonomy_v2,subtopic,regulacao_e_organizacao_das_associacoes_profissionais,Regulação e organização das associações profissionais,trabalho_direitos_laborais_e_recursos_humanos,"Propostas relacionadas com o regime jurídico, organização e funcionamento das associações públicas profissionais e a regulação do exercício profissional.",,72
taxonomy_v2,subtopic,suplementos_e_regime_de_pensoes_para_forcas_de_seguranca,Suplementos e regime de pensões para forças de segurança,trabalho_direitos_laborais_e_recursos_humanos,"Propostas que asseguram aumento de suplementos por serviço e risco, e revisão do regime de pensões para pessoal das forças e serviços de segurança.",,77
taxonomy_v2,subtopic,valorizacao_e_direitos_dos_bombeiros_e_sapadores,Valorização e direitos dos bombeiros e sapadores,trabalho_direitos_laborais_e_recursos_humanos,"Projetos que visam reconhecer o estatuto profissional dos bombeiros, incluindo direitos, condições de trabalho, e regimes especiais de aposentadoria.",,5
taxonomy_v2,topic,transportes_e_mobilidade,Transportes e Mobilidade,,,12,"43,44,51,52,53,58,62,63"
taxonomy_v2,subtopic,desenvolvimento_e_investimento_na_rede_ferroviaria_nacional,Desenvolvimento e Investimento na Rede Ferroviária Nacional,transportes_e_mobilidade,"Propostas que recomendam a priorização, revisão e investimento no plano ferroviário nacional, incluindo linhas de alta velocidade e ligações regionais.",,63
taxonomy_v2,subtopic,eliminacao_e_reducao_de_portagens_nas_autoestradas_do_interior,Eliminação e redução de portagens nas autoestradas do interior,transportes_e_mobilidade,"Propostas que defendem a eliminação ou redução gradual das portagens em autoestradas, especialmente nas regiões do interior do país.",,44
taxonomy_v2,subtopic,incentivos_e_melhorias_nos_transportes_publicos,Incentivos e melhorias nos transportes públicos,transportes_e_mobilidade,"Propostas que recomendam medidas para promoção, integração tarifária, valorização e expansão dos transportes públicos e coletivos, incluindo passes nacionais.",,53
taxonomy_v2,subtopic,mobilidade_eletrica_e_legislacao_veicular,Mobilidade elétrica e legislação veicular,transportes_e_mobilidade,"Propostas relacionadas com veículos elétricos, mobilidade elétrica, isenções fiscais, estacionamento e alterações ao código da estrada.",,52
taxonomy_v2,subtopic,regulacao_do_transporte_individual_remunerado_tvde,Regulação do transporte individual remunerado (TVDE),transportes_e_mobilidade,"Propostas que tratam do regime jurídico, atividade, operadores e plataformas associadas ao transporte individual remunerado de passageiros em veículos descaracterizados.",,51
taxonomy_v2,subtopic,reprivatizacao_da_tap_e_gestao_aeroportuaria,Reprivatização da TAP e Gestão Aeroportuária,transportes_e_mobilidade,"Propostas relacionadas com a reprivatização da TAP, defesa do interesse público, proteção dos trabalhadores e planeamento aeroportuário.",,62
taxonomy_v2,subtopic,requalificacao_e_melhorias_do_itinerario_complementar_8_ic8,Requalificação e melhorias do Itinerário Complementar 8 (IC8),transportes_e_mobilidade,"Propostas que recomendam a requalificação urgente e melhorias no IC8, uma via rodoviária que liga o litoral ao interior do país.",,43
taxonomy_v2,subtopic,subsidio_social_de_mobilidade_e_transporte_regional,Subsídio Social de Mobilidade e Transporte Regional,transportes_e_mobilidade,Propostas que recomendam a operacionalização e revisão do Subsídio Social de Mobilidade para residentes em regiões autónomas e melhoria do transporte aéreo e marítimo.,,58
taxonomy_v2,subtopic,controlo_de_precos_e_bens_essenciais,Controlo de preços e bens essenciais,financas_publicas_fiscalidade_e_regulacao_financeira,"Propostas sobre monitorização, controlo ou regulação de preços de bens essenciais, incluindo cabazes alimentares e práticas especulativas.",13,manual_noise_review
taxonomy_v2,subtopic,organizacao_escolar_e_dimensao_das_turmas,Organização escolar e dimensão das turmas,educacao_e_inclusao_social,"Propostas sobre dimensão das turmas, organização escolar, ensino artístico especializado e funcionamento dos estabelecimentos de ensino.",14,manual_noise_review
taxonomy_v2,subtopic,direitos_do_consumidor_e_contratacao_de_bens_e_servicos,Direitos do consumidor e contratação de bens e serviços,governanca_justica_e_administracao_publica,"Propostas sobre direitos dos consumidores na compra e venda de bens, serviços e conteúdos digitais, incluindo regras gerais de contratação.",15,manual_noise_review
taxonomy_v2,subtopic,protecao_do_consumidor_financeiro_e_servicos_a_distancia,Proteção do consumidor financeiro e serviços à distância,financas_publicas_fiscalidade_e_regulacao_financeira,"Propostas sobre transparência, contratação à distância e proteção dos consumidores no acesso a serviços financeiros.",16,manual_noise_review
taxonomy_v2,subtopic,servicos_publicos_comunicacoes_e_servico_postal_universal,"Serviços públicos, comunicações e serviço postal universal",governanca_justica_e_administracao_publica,"Propostas sobre comunicações eletrónicas, CTT, serviço postal universal, privatizações e salvaguarda de serviços públicos estratégicos.",17,manual_noise_review
taxonomy_v2,subtopic,assuntos_europeus_e_escrutinio_parlamentar,Assuntos europeus e escrutínio parlamentar,politica_externa_e_relacoes_internacionais,"Propostas sobre acompanhamento parlamentar da participação portuguesa na União Europeia, transposição de diretivas, posições em Conselhos Europeus e escrutínio de assuntos europeus.",18,manual_final_review
taxonomy_v2,subtopic,comunicacao_social_direitos_digitais_e_desinformacao,"Comunicação social, direitos digitais e desinformação",governanca_justica_e_administracao_publica,"Propostas sobre comunicação social, liberdade de expressão online, direitos digitais, desinformação e sustentabilidade de órgãos de comunicação social.",19,manual_final_review
taxonomy_v2,subtopic,comunidades_portuguesas_no_estrangeiro_e_participacao_civica,Comunidades portuguesas no estrangeiro e participação cívica,governanca_justica_e_administracao_publica,"Propostas sobre serviços consulares, participação eleitoral, associativismo e representação cívica das comunidades portuguesas residentes no estrangeiro.",20,manual_final_review
taxonomy_v2,subtopic,participacao_cidada_e_iniciativa_legislativa,Participação cidadã e iniciativa legislativa,governanca_justica_e_administracao_publica,"Propostas sobre mecanismos de participação cívica, iniciativa legislativa de cidadãos e aprofundamento da participação democrática.",21,manual_final_review
taxonomy_v2,subtopic,gestao_publica_transparencia_e_avaliacao_de_entidades,"Gestão pública, transparência e avaliação de entidades",governanca_justica_e_administracao_publica,"Propostas sobre avaliação, transparência, racionalização e informação pública relativa a entidades, observatórios e recursos humanos da administração pública.",22,manual_final_review
taxonomy_v2,subtopic,simplificacao_administrativa_licenciamentos_e_obrigacoes_formais,"Simplificação administrativa, licenciamentos e obrigações formais",governanca_justica_e_administracao_publica,"Propostas sobre simplificação de licenciamentos, comunicações prévias, obrigações formais e regimes administrativos aplicáveis a atividades económicas ou serviços.",23,manual_final_review
taxonomy_v2,subtopic,economia_social_cooperativas_e_setor_solidario,"Economia social, cooperativas e setor solidário",governanca_justica_e_administracao_publica,"Propostas sobre economia social, cooperativas, mutualidades, fundações, misericórdias e entidades do setor social e solidário.",24,manual_final_review
taxonomy_v2,subtopic,biodiversidade_especies_e_patrimonio_natural,"Biodiversidade, espécies e património natural",ambiente_energia_e_agricultura_sustentavel,"Propostas sobre conservação de espécies, raças autóctones, biodiversidade, recursos genéticos, património natural e critérios ambientais em acordos comerciais.",25,manual_final_review
taxonomy_v2,subtopic,residuos_biorresiduos_e_economia_circular,"Resíduos, biorresíduos e economia circular",ambiente_energia_e_agricultura_sustentavel,"Propostas sobre recolha seletiva, tratamento de resíduos e biorresíduos, cumprimento de metas ambientais e transição para economia circular.",26,manual_final_review
taxonomy_v2,subtopic,infraestruturas_agricolas_pecuarias_e_pesca,"Infraestruturas agrícolas, pecuárias e pesca",ambiente_energia_e_agricultura_sustentavel,"Propostas sobre infraestruturas de apoio à produção agrícola, pecuária e pesqueira, incluindo matadouros regionais e condições setoriais.",27,manual_final_review
taxonomy_v2,subtopic,areas_protegidas_e_informacao_ambiental,Áreas protegidas e informação ambiental,ambiente_energia_e_agricultura_sustentavel,"Propostas sobre acesso, taxas, visitação e informação pública relativa a áreas protegidas, classificadas ou património ambiental.",28,manual_final_review
taxonomy_v2,subtopic,qualidade_ambiental_em_edificios_e_prevencao_sanitaria,Qualidade ambiental em edifícios e prevenção sanitária,saude_publica_cuidados_e_politicas_sociais,"Propostas sobre qualidade do ar interior, água, biofilmes, legionella e riscos ambientais com impacto na saúde pública.",29,manual_final_review
taxonomy_v2,subtopic,vacinacao_e_prevencao_da_doenca,Vacinação e prevenção da doença,saude_publica_cuidados_e_politicas_sociais,"Propostas sobre planos de vacinação, prevenção da doença, imunização de adultos e medidas preventivas de saúde pública.",30,manual_final_review
taxonomy_v2,subtopic,desporto_atividade_fisica_e_saude_publica,"Desporto, atividade física e saúde pública",saude_publica_cuidados_e_politicas_sociais,"Propostas sobre prática desportiva, retoma de competições, atividade física e impactos de saúde pública no desporto.",31,manual_final_review
taxonomy_v2,subtopic,armas_municoes_e_dispositivos_de_airsoft,"Armas, munições e dispositivos de airsoft",justica_penal_seguranca_e_protecao_de_vitimas,"Propostas sobre regime jurídico das armas, munições, entrega voluntária de armas, cofres de segurança e dispositivos de airsoft.",32,manual_final_review
taxonomy_v2,subtopic,seguranca_e_comunicacoes_em_estabelecimentos_prisionais,Segurança e comunicações em estabelecimentos prisionais,justica_penal_seguranca_e_protecao_de_vitimas,"Propostas sobre segurança prisional, utilização de telemóveis, inibidores de sinal e comunicações em estabelecimentos prisionais.",33,manual_final_review
taxonomy_v2,subtopic,apoio_a_vitimas_de_acidentes_e_desaparecimentos,Apoio a vítimas de acidentes e desaparecimentos,justica_penal_seguranca_e_protecao_de_vitimas,"Propostas sobre indemnizações, prestações sociais, desaparecimentos e apoio a vítimas ou familiares após acidentes e sinistros graves.",34,manual_final_review
taxonomy_v2,subtopic,regulacao_de_profissoes_e_qualificacoes_profissionais,Regulação de profissões e qualificações profissionais,trabalho_direitos_laborais_e_recursos_humanos,"Propostas sobre acesso e exercício de profissões, qualificações profissionais, certificações, reconhecimento profissional e regimes profissionais específicos.",35,manual_final_review
taxonomy_v2,subtopic,politicas_de_emprego_e_compensacao_salarial,Políticas de emprego e compensação salarial,trabalho_direitos_laborais_e_recursos_humanos,"Propostas sobre emprego público, combate ao desemprego, garantia de emprego, compensações salariais e apoios laborais setoriais.",36,manual_final_review
taxonomy_v2,subtopic,financas_regionais_e_autonomias,Finanças regionais e autonomias,financas_publicas_fiscalidade_e_regulacao_financeira,"Propostas sobre enquadramento orçamental, assistência financeira, taxas regionais e finanças públicas das regiões autónomas.",37,manual_final_review
taxonomy_v2,subtopic,beneficios_fiscais_e_regimes_fiscais_setoriais,Benefícios fiscais e regimes fiscais setoriais,financas_publicas_fiscalidade_e_regulacao_financeira,"Propostas sobre benefícios fiscais, isenções, regimes fiscais excecionais e medidas tributárias aplicadas a setores ou eventos específicos.",38,manual_final_review
taxonomy_v2,subtopic,concorrencia_e_regulacao_economica,Concorrência e regulação económica,financas_publicas_fiscalidade_e_regulacao_financeira,"Propostas sobre defesa da concorrência, prescrição de processos concorrenciais, regulação económica e práticas de mercado.",39,manual_final_review
taxonomy_v2,subtopic,mobilidade_ciclavel_e_modos_suaves,Mobilidade ciclável e modos suaves,transportes_e_mobilidade,"Propostas sobre ciclovias, bicicleta, mobilidade suave, redes cicláveis e promoção de modos ativos de transporte.",40,manual_final_review
taxonomy_v2,subtopic,navegacao_interior_e_transporte_fluvial,Navegação interior e transporte fluvial,transportes_e_mobilidade,"Propostas sobre navegação interior, transporte fluvial, embarcações e regimes profissionais ou administrativos associados a vias navegáveis interiores.",41,manual_final_review
taxonomy_v2,subtopic,associativismo_juvenil_e_participacao_civica_dos_jovens,Associativismo juvenil e participação cívica dos jovens,educacao_e_inclusao_social,"Propostas sobre organizações juvenis, conselhos municipais de juventude, Conselho Nacional de Juventude e participação cívica dos jovens.",42,manual_final_review
