taxonomy_version,centroid_index,parent_topic_slug,parent_topic_label,subtopic_slug,subtopic_label,description,support_count,support_quality,similarity_min,similarity_p05,similarity_p10,similarity_p25,similarity_median,similarity_mean,recommended_auto_threshold,source_project_law_ids
taxonomy_v2,0,administracao_territorial_e_organizacao_local,Administração Territorial e Organização Local,alteracao_de_denominacao_de_unioes_de_freguesias,Alteração de denominação de uniões de freguesias,"Propostas que tratam da mudança de nome ou denominação oficial de uniões de freguesias, especialmente após reorganizações administrativas.",15,strong,0.832299,0.832583,0.833484,0.849658,0.860576,0.866556,0.8235,4380;5152;5153;5161;5164;5172;5227;5282;5294;5311;5312;5535;5536;5543;5589
taxonomy_v2,1,administracao_territorial_e_organizacao_local,Administração Territorial e Organização Local,alteracao_e_delimitacao_de_limites_territoriais_de_freguesias,Alteração e delimitação de limites territoriais de freguesias,"Projetos que propõem mudanças nos limites territoriais entre freguesias e uniões de freguesias, incluindo delimitações e reorganizações administrativas.",26,strong,0.740565,0.822267,0.836811,0.862922,0.874417,0.869914,0.8268,1057;1075;1076;1244;1454;1695;1796;1873;1875;2059;2123;2374;3274;3278;3742;4559;4787;5270;5275;5310;5313;5315;5362;5363;5533;5534
taxonomy_v2,2,administracao_territorial_e_organizacao_local,Administração Territorial e Organização Local,descentralizacao_e_regionalizacao_dos_servicos_publicos,Descentralização e regionalização dos serviços públicos,"Propostas que abordam a descentralização administrativa, regionalização, deslocalização de serviços públicos e coesão territorial.",22,strong,0.772665,0.776574,0.781496,0.796316,0.826367,0.827823,0.7715,169;1935;1969;1972;2164;2286;2289;2665;2833;2834;2901;2902;2905;3112;3246;375;380;46;78;827;864;977
taxonomy_v2,3,administracao_territorial_e_organizacao_local,Administração Territorial e Organização Local,elevacao_de_povoacoes_a_categoria_de_vila,Elevação de povoações à categoria de vila,"Propostas legislativas que tratam da elevação de povoações e freguesias à categoria oficial de vila, com fundamentação histórica e cultural.",38,strong,0.783393,0.789128,0.792854,0.811996,0.824919,0.825225,0.7829,1008;1017;1019;1031;1224;1250;1252;1398;1401;1424;1426;1429;1443;1462;1624;1633;1641;1646;1654;1669;1670;1671;1674;1678;1685;1779;1807;1808;211;212;214;2713;392;408;725;730;734;871
taxonomy_v2,4,administracao_territorial_e_organizacao_local,Administração Territorial e Organização Local,financiamento_e_gestao_financeira_das_autarquias,Financiamento e gestão financeira das autarquias,"Propostas relacionadas com o regime financeiro das autarquias locais, endividamento municipal e gestão territorial.",35,strong,0.771119,0.780872,0.788381,0.812336,0.840085,0.8394,0.7784,1104;1295;1892;2167;2214;2215;2217;2479;2522;2570;2764;279;2858;2980;3050;3062;3090;3095;3107;3144;318;35;3627;3686;3747;422;5221;5238;5346;5505;651;8;87;900;901
taxonomy_v2,5,ambiente_energia_e_agricultura_sustentavel,"Ambiente, Energia e Agricultura Sustentável",apoio_a_agricultores_e_recuperacao_pos_tempestades,Apoio a Agricultores e Recuperação Pós-Tempestades,Propostas que recomendam medidas de apoio financeiro e recuperação para agricultores afetados por tempestades e fenómenos meteorológicos extremos.,53,strong,0.68016,0.731026,0.770298,0.800913,0.841975,0.826604,0.7603,109;1137;125;13;1378;139;149;1543;160;164;186;1999;2277;2284;2687;2690;2702;2706;2938;2940;30;323;344;348;353;356;36;365;37;3971;4270;4455;492;498;5039;510;513;523;524;525;689;714;791;800;807;808;817;823;825;908;93;954;964
taxonomy_v2,6,ambiente_energia_e_agricultura_sustentavel,"Ambiente, Energia e Agricultura Sustentável",areas_protegidas_e_informacao_ambiental,Áreas protegidas e informação ambiental,"Propostas sobre acesso, taxas, visitação e informação pública relativa a áreas protegidas, classificadas ou património ambiental.",1,low,1.0,1.0,1.0,1.0,1.0,1.0,0.82,5367
taxonomy_v2,7,ambiente_energia_e_agricultura_sustentavel,"Ambiente, Energia e Agricultura Sustentável",biodiversidade_especies_e_patrimonio_natural,"Biodiversidade, espécies e património natural","Propostas sobre conservação de espécies, raças autóctones, biodiversidade, recursos genéticos, património natural e critérios ambientais em acordos comerciais.",5,medium,0.76792,0.767924,0.767929,0.767941,0.820095,0.821712,0.7579,2078;3366;3961;554;794
taxonomy_v2,8,ambiente_energia_e_agricultura_sustentavel,"Ambiente, Energia e Agricultura Sustentável",comunidades_de_energia_renovavel_e_pobreza_energetica,Comunidades de Energia Renovável e Pobreza Energética,Propostas que recomendam estratégias para desenvolvimento e democratização das comunidades de energia renovável e combate à pobreza energética.,25,strong,0.801032,0.818416,0.826372,0.85024,0.859739,0.866159,0.8164,1114;1239;1512;1639;1941;1976;272;2989;3168;3362;3492;3576;3708;371;494;540;541;5471;694;73;771;818;822;852;933
taxonomy_v2,9,ambiente_energia_e_agricultura_sustentavel,"Ambiente, Energia e Agricultura Sustentável",gestao_e_conservacao_dos_recursos_hidricos_e_regadio,Gestão e Conservação dos Recursos Hídricos e Regadio,"Propostas relacionadas com a gestão da água, combate à seca, modernização do regadio e proteção dos recursos hídricos em Portugal.",86,strong,0.673237,0.740423,0.766159,0.804453,0.838735,0.827943,0.7562,1163;1313;1368;1516;1524;1553;1565;1727;1928;1930;2005;2010;2018;2033;2042;2088;2111;2116;2146;2232;2239;2245;2246;2256;2257;2264;2299;2310;2321;2328;2345;2346;2353;2354;2357;2358;2360;2380;2465;2603;2632;2644;2651;2656;2668;2669;2670;2686;2711;2752;2758;2793;2866;2881;2937;2945;2952;2961;2976;3153;3162;3244;3255;3391;3589;3687;3731;3825;3843;3965;4063;4385;4431;4449;4587;4640;5054;5176;5217;5219;5332;5338;5369;5453;5552;5573
taxonomy_v2,10,ambiente_energia_e_agricultura_sustentavel,"Ambiente, Energia e Agricultura Sustentável",implementacao_da_lei_de_bases_do_clima_e_metas_de_reducao_de_emissoes,Implementação da Lei de Bases do Clima e Metas de Redução de Emissões,"Propostas que recomendam o cumprimento e execução da Lei de Bases do Clima, com foco em metas para 2030 e redução de gases de efeito estufa.",19,strong,0.76264,0.785703,0.804316,0.862258,0.885946,0.880774,0.7943,1299;1309;1335;1402;16;1936;1946;1950;231;2640;2642;2959;3010;3249;3585;4199;809;892;961
taxonomy_v2,11,ambiente_energia_e_agricultura_sustentavel,"Ambiente, Energia e Agricultura Sustentável",infraestruturas_agricolas_pecuarias_e_pesca,"Infraestruturas agrícolas, pecuárias e pesca","Propostas sobre infraestruturas de apoio à produção agrícola, pecuária e pesqueira, incluindo matadouros regionais e condições setoriais.",1,low,1.0,1.0,1.0,1.0,1.0,1.0,0.82,1514
taxonomy_v2,12,ambiente_energia_e_agricultura_sustentavel,"Ambiente, Energia e Agricultura Sustentável",medidas_de_apoio_e_mitigacao_de_incendios_florestais_e_fenomenos_naturais,Medidas de Apoio e Mitigação de Incêndios Florestais e Fenómenos Naturais,"Propostas relacionadas com apoio às vítimas, mitigação de danos e políticas para incêndios florestais e eventos climáticos extremos.",45,strong,0.71398,0.766063,0.77905,0.794791,0.82344,0.831686,0.7691,1014;1035;1255;1275;1440;1794;1801;255;267;2774;2776;288;3019;3081;3139;3272;3413;374;3894;396;3984;405;4168;425;4273;4277;430;444;4481;449;4901;5410;564;587;618;630;641;646;680;722;736;760;870;872;882
taxonomy_v2,13,ambiente_energia_e_agricultura_sustentavel,"Ambiente, Energia e Agricultura Sustentável",prevencao_e_recuperacao_ambiental_do_parque_natural_da_serra_da_estrela,Prevenção e recuperação ambiental do Parque Natural da Serra da Estrela,"Propostas que recomendam medidas para prevenção de incêndios, reflorestação e conservação ecológica no Parque Natural da Serra da Estrela e áreas florestais protegidas.",59,strong,0.744519,0.779947,0.789279,0.824119,0.846997,0.846434,0.7793,1158;1161;118;119;1304;1329;1330;1337;1345;135;1352;1360;1515;1536;1547;1721;1722;1731;1732;1838;1840;1841;1914;1938;1951;1952;1997;2099;2218;2243;2244;2308;2416;2473;2629;2636;2638;2723;2804;2949;3149;3202;3212;330;3545;3681;3877;3963;4066;4666;477;488;5059;539;695;780;789;910;918
taxonomy_v2,14,ambiente_energia_e_agricultura_sustentavel,"Ambiente, Energia e Agricultura Sustentável",producao_agricola_sustentavel_e_protecao_ambiental,Produção Agrícola Sustentável e Proteção Ambiental,"Propostas que promovem a produção agrícola nacional sustentável, proteção do espaço marítimo e avaliações de impacto ambiental.",70,strong,0.716006,0.735692,0.740195,0.769605,0.791677,0.790672,0.74,1395;1422;1611;1644;1733;1792;1895;1903;2022;2027;2036;2070;2090;2097;2128;2135;2268;2340;2369;2373;2391;2411;2413;2492;2627;2694;2751;2757;2823;2873;2968;2981;2984;299;3013;3040;3067;3135;3204;3352;3393;3405;3457;3612;3725;3860;3933;3936;3994;41;4151;4206;4276;4278;4367;4462;4819;4875;4924;5045;5047;5177;5214;5286;5361;5425;5430;5435;5569;5585
taxonomy_v2,15,ambiente_energia_e_agricultura_sustentavel,"Ambiente, Energia e Agricultura Sustentável",protecao_ambiental_e_valorizacao_de_espacos_verdes_municipais,Proteção ambiental e valorização de espaços verdes municipais,"Propostas focadas na preservação, valorização ecológica e classificação de áreas verdes urbanas, como a Quinta dos Ingleses em Cascais.",59,strong,0.689501,0.716427,0.728288,0.786877,0.839256,0.821251,0.74,1164;1165;124;1343;136;1526;1530;1534;1564;1568;1927;1933;1977;2013;21;22;2249;2270;2290;2315;2319;2606;2614;2618;2626;2633;2650;2661;2675;2678;2692;2696;2701;2714;29;2953;2967;3163;3190;3234;336;337;3384;3427;3529;3552;3639;364;368;3698;3730;3892;3902;40;4247;485;535;925;928
taxonomy_v2,16,ambiente_energia_e_agricultura_sustentavel,"Ambiente, Energia e Agricultura Sustentável",protecao_e_bem_estar_animal,Proteção e bem-estar animal,"Iniciativas sobre prevenção de maus-tratos, proteção e bem-estar de animais, sobretudo animais de companhia.",88,strong,0.682317,0.755324,0.763458,0.809011,0.836637,0.831937,0.7535,1020;1155;1181;1251;1254;1273;1280;1347;1361;1458;1468;1563;1578;1618;1621;1628;1663;1675;1676;1687;1688;1703;1735;1766;183;1846;1920;1948;1954;1979;198;2064;2102;2115;222;2225;2400;2405;2454;2519;2663;2722;2737;2755;2814;2831;285;2859;3160;3273;3290;3349;3350;3409;3465;360;3604;3642;3758;3992;4165;4166;424;4255;4283;4317;4583;462;4671;4828;4884;4889;4927;51;5187;5213;5239;5468;5499;578;628;629;633;674;690;861;879;968
taxonomy_v2,17,ambiente_energia_e_agricultura_sustentavel,"Ambiente, Energia e Agricultura Sustentável",residuos_biorresiduos_e_economia_circular,"Resíduos, biorresíduos e economia circular","Propostas sobre recolha seletiva, tratamento de resíduos e biorresíduos, cumprimento de metas ambientais e transição para economia circular.",1,low,1.0,1.0,1.0,1.0,1.0,1.0,0.82,2314
taxonomy_v2,18,educacao_e_inclusao_social,Educação e Inclusão Social,acolhimento_familiar_e_adocao_de_criancas_e_jovens,Acolhimento familiar e adoção de crianças e jovens,"Propostas sobre acolhimento familiar, adoção, proteção de crianças e jovens e apoio às famílias nesse contexto.",53,strong,0.741367,0.781354,0.796459,0.81404,0.850477,0.849113,0.7865,1011;1233;1248;1436;1437;1439;1441;1640;1739;1741;1744;1746;1783;1802;2016;209;2113;2114;2150;2179;2335;2442;2698;2705;2707;2796;2797;2863;294;2965;3117;3368;3947;4167;4296;456;461;4781;5037;5234;5237;5391;5467;5476;5484;5526;5548;5549;5570;5571;569;652;673
taxonomy_v2,19,educacao_e_inclusao_social,Educação e Inclusão Social,apoio_social_e_alojamento_para_estudantes_do_ensino_superior,Apoio Social e Alojamento para Estudantes do Ensino Superior,"Propostas relacionadas com medidas de apoio social, alojamento e complementos para estudantes do ensino superior, visando reduzir custos e promover equidade.",46,strong,0.742663,0.802405,0.817543,0.832424,0.867045,0.862165,0.8075,1170;1175;1259;1357;1420;1505;1533;1558;1782;1908;1923;1945;2089;2118;2210;2370;2446;2453;2547;2558;256;259;2648;2800;2872;2877;3045;3301;389;4084;4157;4176;4375;4377;450;4685;4805;4898;5299;530;5357;606;645;765;890;955
taxonomy_v2,20,educacao_e_inclusao_social,Educação e Inclusão Social,associativismo_juvenil_e_participacao_civica_dos_jovens,Associativismo juvenil e participação cívica dos jovens,"Propostas sobre organizações juvenis, conselhos municipais de juventude, Conselho Nacional de Juventude e participação cívica dos jovens.",4,low,0.841852,0.849013,0.856174,0.877656,0.903185,0.894709,0.8,3184;4159;4368;5426
taxonomy_v2,21,educacao_e_inclusao_social,Educação e Inclusão Social,carreira_e_progressao_dos_docentes,Carreira e progressão dos docentes,"Propostas que abordam a carreira, progressão, tempo de serviço e condições laborais dos professores e docentes em geral.",95,strong,0.760234,0.773896,0.789978,0.828868,0.866352,0.858565,0.78,1004;1058;1128;1130;116;1208;1243;1286;1354;1403;1493;1519;1523;1602;1606;1608;1697;17;1709;1723;1753;1776;1785;1851;1924;1959;1961;1982;1990;2046;2060;2142;2230;2231;2285;23;2302;2309;2342;236;239;2402;26;2612;2664;2736;2743;2745;2805;2883;2894;2948;296;2969;2997;3044;3128;3129;3150;3182;3209;325;326;3275;340;345;3856;4002;4005;4090;452;4667;470;483;491;493;5068;509;5091;511;512;5199;5202;5322;5350;5366;5406;5461;553;5575;5608;660;710;741;921
taxonomy_v2,22,educacao_e_inclusao_social,Educação e Inclusão Social,carreiras_e_valorizacao_dos_assistentes_escolares,Carreiras e valorização dos assistentes escolares,"Propostas relacionadas com a criação, valorização e regulamentação das carreiras dos assistentes operacionais e técnicos nas escolas.",26,strong,0.781065,0.834986,0.839039,0.851621,0.897427,0.889497,0.829,120;1346;1392;1464;1527;1596;1603;1605;1612;1613;1745;1777;1960;2562;2620;2628;2903;327;398;4451;4473;701;712;779;923;937
taxonomy_v2,23,educacao_e_inclusao_social,Educação e Inclusão Social,educacao_inclusiva_e_apoio_a_alunos_com_necessidades_especiais,Educação inclusiva e apoio a alunos com necessidades especiais,"Iniciativas que recomendam melhorias no regime jurídico da educação inclusiva, formação de professores e recursos para alunos com deficiência.",19,strong,0.743189,0.826742,0.837418,0.851523,0.892521,0.878335,0.8274,11;121;1978;34;387;476;487;489;559;565;572;713;733;785;786;850;919;926;958
taxonomy_v2,24,educacao_e_inclusao_social,Educação e Inclusão Social,ensino_da_lingua_portuguesa_e_manuais_escolares,Ensino da língua portuguesa e manuais escolares,"Propostas que abordam o ensino do português, acesso ao ensino no estrangeiro e a disponibilização de manuais escolares para alunos.",42,strong,0.791309,0.815879,0.817287,0.829671,0.846281,0.844676,0.8073,1013;113;1397;1555;1601;2127;2276;2278;2300;2304;2313;232;2339;2363;2367;2398;2455;2458;2552;2610;2634;2681;2717;2753;2842;2977;2994;3017;3076;3431;361;3768;473;5077;5224;5240;5356;5374;5485;5599;707;801
taxonomy_v2,25,educacao_e_inclusao_social,Educação e Inclusão Social,financiamento_e_acesso_as_refeicoes_escolares,Financiamento e acesso às refeições escolares,Propostas que recomendam atualização do financiamento público e garantia de acesso às refeições escolares para crianças e jovens.,15,strong,0.840459,0.840917,0.847033,0.873948,0.891785,0.889106,0.837,1174;1569;1570;1575;201;4074;54;5481;5491;561;60;974;986;996;997
taxonomy_v2,26,educacao_e_inclusao_social,Educação e Inclusão Social,gratuidade_e_limitacao_de_propinas_no_ensino_superior,Gratuidade e Limitação de Propinas no Ensino Superior,"Propostas legislativas focadas na eliminação, redução ou limitação das propinas e outras taxas no ensino superior público para facilitar o acesso dos estudantes.",21,strong,0.832986,0.841572,0.843158,0.899116,0.916924,0.90634,0.8332,1964;2003;2168;2171;2186;2671;2781;2841;358;416;4204;4293;4415;4831;522;5393;5501;613;615;758;885
taxonomy_v2,27,educacao_e_inclusao_social,Educação e Inclusão Social,identidade_e_expressao_de_genero_no_contexto_escolar,Identidade e expressão de género no contexto escolar,"Propostas que tratam da autodeterminação da identidade de género, expressão de género e proteção das características sexuais no âmbito escolar.",47,strong,0.711401,0.767101,0.775355,0.796301,0.816792,0.822236,0.7654,1111;1117;1129;1159;1171;1203;1256;1310;1365;1366;1367;1376;1391;1476;1556;1586;1680;1684;1686;1762;1857;2002;2158;2205;2332;2420;2422;2487;2545;2561;2591;2676;2730;2744;2822;289;2971;2975;3072;3079;3115;3133;3264;437;5492;648;743
taxonomy_v2,28,educacao_e_inclusao_social,Educação e Inclusão Social,inclusao_de_estudantes_com_necessidades_educativas_especificas_no_ensino_superior,Inclusão de estudantes com necessidades educativas específicas no ensino superior,Propostas que estabelecem regimes jurídicos e promovem a inclusão e autonomia de estudantes com necessidades educativas específicas no ensino superior.,21,strong,0.751833,0.763178,0.770281,0.817114,0.859162,0.853943,0.7603,1056;1085;1196;1481;1590;1598;1664;1800;1814;1823;3;3002;3632;4371;4554;5376;5415;5500;596;739;857
taxonomy_v2,29,educacao_e_inclusao_social,Educação e Inclusão Social,integracao_e_carreira_na_administracao_publica,Integração e carreira na administração pública,"Propostas que tratam da integração de trabalhadores, requalificação, carreira e condições laborais na administração pública.",27,strong,0.713039,0.768549,0.800968,0.835431,0.863772,0.849721,0.791,1265;1487;1696;1790;224;227;277;290;307;3071;3073;3700;3901;406;412;4573;4684;5028;5185;5267;5375;5380;5383;5463;5544;5601;5606
taxonomy_v2,30,educacao_e_inclusao_social,Educação e Inclusão Social,organizacao_escolar_e_dimensao_das_turmas,Organização escolar e dimensão das turmas,"Propostas sobre dimensão das turmas, organização escolar, ensino artístico especializado e funcionamento dos estabelecimentos de ensino.",8,medium,0.733545,0.807484,0.881424,0.953705,0.961586,0.934265,0.86,2593;3096;3775;5166;5496;5497;5550;5551
taxonomy_v2,31,educacao_e_inclusao_social,Educação e Inclusão Social,rede_publica_de_creches_e_educacao_infantil,Rede pública de creches e educação infantil,Propostas para criação e expansão de redes públicas de creches garantindo acesso e qualidade na educação infantil.,51,strong,0.752653,0.819934,0.835357,0.861861,0.884847,0.881571,0.8254,1143;1230;1231;1238;1245;1414;1535;1637;1657;1793;1797;184;1919;1984;2056;2101;2190;2287;2428;2549;2550;2624;2662;2682;2742;2773;2778;2840;2956;2957;3004;3036;3098;3640;3641;384;390;403;420;4320;526;531;5517;5556;592;622;634;647;766;877;966
taxonomy_v2,32,educacao_e_inclusao_social,Educação e Inclusão Social,regime_juridico_e_gestao_das_instituicoes_de_ensino_superior,Regime jurídico e gestão das instituições de ensino superior,"Propostas que alteram o regime jurídico das instituições de ensino superior, incluindo gestão democrática, estatutos e organização interna.",30,strong,0.709162,0.713456,0.718616,0.804239,0.858934,0.852427,0.74,1023;1492;1494;1710;1829;1830;1835;2029;2266;238;2607;2609;2716;2777;2815;2943;3043;3565;377;465;501;5096;5183;5297;5386;556;5588;744;834;990
taxonomy_v2,33,educacao_e_inclusao_social,Educação e Inclusão Social,requalificacao_e_obras_em_escolas_basicas_e_secundarias,Requalificação e obras em escolas básicas e secundárias,"Propostas que recomendam ou solicitam obras de requalificação, reabilitação e melhoria das condições físicas de escolas básicas e secundárias.",49,strong,0.685236,0.76327,0.793597,0.849443,0.885789,0.866954,0.7836,1154;123;1725;1996;2364;2574;2721;2886;2887;2904;2911;2960;3152;3154;3157;3158;3199;3213;3257;3341;3523;3524;3528;3539;3547;3569;3574;3586;3635;3638;3643;4056;4057;4059;4245;4254;4257;4258;4443;4446;4453;4658;4660;4663;4665;4779;5030;5061;5454
taxonomy_v2,34,educacao_e_inclusao_social,Educação e Inclusão Social,saude_mental_em_escolas_e_ensino_superior,Saúde mental em escolas e ensino superior,"Propostas para criação de serviços de psicologia nas escolas e ensino superior, além de linhas de apoio para saúde mental.",19,strong,0.716921,0.81092,0.829506,0.850004,0.871811,0.866999,0.8195,1438;1803;2077;2119;2198;2316;2376;2447;2448;2499;2501;2580;2844;2934;3020;3088;3091;3192;6
taxonomy_v2,35,financas_publicas_fiscalidade_e_regulacao_financeira,"Finanças Públicas, Fiscalidade e Regulação Financeira",alteracoes_gerais_ao_codigo_do_irs,Alterações gerais ao Código do IRS,"Propostas que alteram o Código do Imposto sobre o Rendimento das Pessoas Singulares, incluindo escalões, deduções e regimes fiscais.",45,strong,0.770566,0.785669,0.801501,0.831149,0.861417,0.865364,0.7915,1071;1086;1091;1214;1228;1409;1497;1622;1630;1704;1761;1768;1769;18;1816;1826;1878;2185;2188;2223;2228;2551;280;2850;2884;2919;2936;2964;2983;304;3101;410;4125;429;445;459;4946;5082;573;579;72;769;82;873;912
taxonomy_v2,36,financas_publicas_fiscalidade_e_regulacao_financeira,"Finanças Públicas, Fiscalidade e Regulação Financeira",analise_e_recomendacoes_ao_programa_de_estabilidade_orcamental,Análise e Recomendações ao Programa de Estabilidade Orçamental,"Propostas que discutem, rejeitam ou recomendam alterações ao Programa de Estabilidade, abordando crescimento, investimento e políticas fiscais.",31,strong,0.740616,0.789568,0.80995,0.845021,0.867899,0.860105,0.7999,1316;1326;1331;1336;1717;1921;1922;1925;1962;2260;2261;2263;2350;2361;2362;2365;2556;2611;2615;2617;2695;2697;2942;2966;3389;3633;3658;3853;3896;3969;4798
taxonomy_v2,37,financas_publicas_fiscalidade_e_regulacao_financeira,"Finanças Públicas, Fiscalidade e Regulação Financeira",beneficios_fiscais_e_regimes_fiscais_setoriais,Benefícios fiscais e regimes fiscais setoriais,"Propostas sobre benefícios fiscais, isenções, regimes fiscais excecionais e medidas tributárias aplicadas a setores ou eventos específicos.",1,low,1.0,1.0,1.0,1.0,1.0,1.0,0.82,5263
taxonomy_v2,38,financas_publicas_fiscalidade_e_regulacao_financeira,"Finanças Públicas, Fiscalidade e Regulação Financeira",concorrencia_e_regulacao_economica,Concorrência e regulação económica,"Propostas sobre defesa da concorrência, prescrição de processos concorrenciais, regulação económica e práticas de mercado.",1,low,1.0,1.0,1.0,1.0,1.0,1.0,0.82,668
taxonomy_v2,39,financas_publicas_fiscalidade_e_regulacao_financeira,"Finanças Públicas, Fiscalidade e Regulação Financeira",controlo_de_precos_e_bens_essenciais,Controlo de preços e bens essenciais,"Propostas sobre monitorização, controlo ou regulação de preços de bens essenciais, incluindo cabazes alimentares e práticas especulativas.",6,medium,0.818891,0.840655,0.862419,0.909555,0.942006,0.922952,0.8524,1079;2093;2581;2587;2699;644
taxonomy_v2,40,financas_publicas_fiscalidade_e_regulacao_financeira,"Finanças Públicas, Fiscalidade e Regulação Financeira",deducoes_fiscais_para_dependentes_no_irs,Deduções fiscais para dependentes no IRS,Propostas que visam reforçar deduções e benefícios fiscais relacionados com dependentes e famílias no âmbito do IRS.,16,strong,0.774943,0.812225,0.827556,0.881023,0.910882,0.891928,0.8176,1009;1064;283;4169;4308;447;455;4555;5200;568;571;656;662;667;670;748
taxonomy_v2,41,financas_publicas_fiscalidade_e_regulacao_financeira,"Finanças Públicas, Fiscalidade e Regulação Financeira",financas_regionais_e_autonomias,Finanças regionais e autonomias,"Propostas sobre enquadramento orçamental, assistência financeira, taxas regionais e finanças públicas das regiões autónomas.",3,low,0.852778,0.85678,0.860781,0.872785,0.892792,0.888178,0.8,5385;5515;5591
taxonomy_v2,42,financas_publicas_fiscalidade_e_regulacao_financeira,"Finanças Públicas, Fiscalidade e Regulação Financeira",financiamento_e_beneficios_fiscais_dos_partidos_politicos,Financiamento e benefícios fiscais dos partidos políticos,"Propostas que tratam da regulação, redução ou eliminação de benefícios fiscais e subvenções públicas atribuídas a partidos políticos e campanhas eleitorais.",15,strong,0.867166,0.86813,0.869461,0.884748,0.906929,0.908732,0.8595,1899;2045;2058;2065;2409;2412;2710;3000;4140;4164;4170;5106;5115;5159;5438
taxonomy_v2,43,financas_publicas_fiscalidade_e_regulacao_financeira,"Finanças Públicas, Fiscalidade e Regulação Financeira",orcamento_do_estado_e_disposicoes_gerais,Orçamento do Estado e disposições gerais,"Propostas referentes ao Orçamento do Estado, apresentadas pela Presidência do Conselho de Ministros, com disposições preliminares e gerais.",38,strong,0.717281,0.767937,0.778021,0.816193,0.842129,0.846641,0.768,1495;1623;1711;1866;1867;1893;2193;2220;2571;2582;309;3147;3339;3520;3966;4363;4428;4553;4565;4925;5116;5117;5125;5144;5201;5209;5246;5261;5264;5266;5279;5283;5298;5382;5401;5527;627;94
taxonomy_v2,44,financas_publicas_fiscalidade_e_regulacao_financeira,"Finanças Públicas, Fiscalidade e Regulação Financeira",pagamentos_em_atraso_e_compromissos_do_estado,Pagamentos em atraso e compromissos do Estado,"Propostas que abordam a problemática dos atrasos nos pagamentos do Estado a fornecedores e outras entidades, incluindo revogação da legislação relacionada.",16,strong,0.824004,0.82565,0.827642,0.836763,0.85453,0.866092,0.8176,28;292;315;317;4818;503;5196;5287;5318;532;5320;5348;5371;5511;612;814
taxonomy_v2,45,financas_publicas_fiscalidade_e_regulacao_financeira,"Finanças Públicas, Fiscalidade e Regulação Financeira",protecao_do_consumidor_financeiro_e_servicos_a_distancia,Proteção do consumidor financeiro e serviços à distância,"Propostas sobre transparência, contratação à distância e proteção dos consumidores no acesso a serviços financeiros.",2,low,0.944118,0.944118,0.944118,0.944118,0.944118,0.944118,0.82,2783;5416
taxonomy_v2,46,financas_publicas_fiscalidade_e_regulacao_financeira,"Finanças Públicas, Fiscalidade e Regulação Financeira",reducao_da_taxa_de_iva_sobre_eletricidade_e_gas,Redução da Taxa de IVA sobre Eletricidade e Gás,Propostas que visam reduzir a taxa do Imposto sobre o Valor Acrescentado (IVA) aplicada aos consumos de eletricidade e gás para aliviar o custo para famílias e empresas.,22,strong,0.795026,0.826546,0.838984,0.864893,0.909789,0.900144,0.829,1236;1450;1645;1649;1774;1788;1904;2074;2094;2424;2482;2726;2766;2769;2818;2836;2914;3033;3056;5373;5379;546
taxonomy_v2,47,financas_publicas_fiscalidade_e_regulacao_financeira,"Finanças Públicas, Fiscalidade e Regulação Financeira",reforma_fiscal_e_tributacao_de_empresas,Reforma fiscal e tributação de empresas,"Propostas relacionadas com o código do IRC, benefícios fiscais, tributação de empresas e justiça fiscal.",63,strong,0.704485,0.75831,0.782295,0.816028,0.832091,0.834239,0.7723,1081;1095;1099;1333;1430;1455;1507;1548;1560;1617;1707;1870;1880;1910;2076;2122;2133;2149;220;2206;2451;2463;2530;2577;260;262;2802;2803;2878;2906;3032;3063;3953;4;4131;4174;4410;4580;4949;5119;5124;5189;5205;5225;5291;5324;5432;5433;5436;5437;5443;5448;5449;5478;5479;5483;5504;5557;5614;595;626;675;770
taxonomy_v2,48,financas_publicas_fiscalidade_e_regulacao_financeira,"Finanças Públicas, Fiscalidade e Regulação Financeira",reformas_e_regras_do_sistema_eleitoral_e_voto,Reformas e regras do sistema eleitoral e voto,"Propostas relacionadas com alterações às leis eleitorais, direitos dos eleitores, organização dos círculos eleitorais e processos de votação.",36,strong,0.737074,0.773629,0.776251,0.822727,0.841891,0.846892,0.7663,1048;1234;1386;1713;1759;1944;2;2109;2165;2195;2436;2437;2749;276;2767;2775;2791;2792;2794;2874;2929;3055;3118;3197;3562;3628;4281;4373;4551;5233;5249;5278;5462;5465;5559;636
taxonomy_v2,49,financas_publicas_fiscalidade_e_regulacao_financeira,"Finanças Públicas, Fiscalidade e Regulação Financeira",reformas_no_iva_e_obrigacoes_fiscais,Reformas no IVA e obrigações fiscais,"Propostas que tratam da simplificação, isenção e alterações no imposto sobre o valor acrescentado (IVA) e outras obrigações fiscais para empresas e sujeitos passivos.",61,strong,0.650137,0.756112,0.759209,0.797057,0.814248,0.808975,0.7492,1012;1065;1094;1173;1285;1289;1298;1407;1461;1486;1491;1772;1787;1815;2062;2079;2081;2082;2151;216;2170;2204;2219;2221;2429;2461;2592;2779;2780;2856;287;2928;2935;301;3016;3018;3048;3138;3458;4314;4391;454;4556;4579;5216;5228;5276;5289;5327;5333;5349;5352;5359;5408;5419;5486;5503;5562;672;678;681
taxonomy_v2,50,financas_publicas_fiscalidade_e_regulacao_financeira,"Finanças Públicas, Fiscalidade e Regulação Financeira",regulacao_e_controlo_dos_precos_dos_combustiveis,Regulação e Controlo dos Preços dos Combustíveis,"Propostas para fixar preços de referência, combater especulação e reduzir os preços dos combustíveis como gasolina, gasóleo e GPL.",45,strong,0.762204,0.790504,0.812506,0.826791,0.860474,0.856373,0.8025,1041;1043;1053;1066;1077;1888;1897;200;202;2048;2053;2125;2255;2464;2594;2604;271;2727;2930;2939;2985;2986;3024;3066;3069;3495;3615;39;4178;4261;435;4388;507;5254;5305;5424;550;61;729;905;934;978;983;987;995
taxonomy_v2,51,financas_publicas_fiscalidade_e_regulacao_financeira,"Finanças Públicas, Fiscalidade e Regulação Financeira",regulacao_financeira_europeia_e_criptoativos,Regulação financeira europeia e criptoativos,"Propostas relacionadas com a transposição de diretivas europeias, regulação de criptoativos e resiliência operacional do setor financeiro.",26,strong,0.800289,0.817852,0.819918,0.843192,0.878842,0.87089,0.8099,100;101;102;1293;1874;1896;2573;2575;2892;2896;2917;313;3999;4523;468;4688;469;5128;5145;5193;5236;5258;5325;5509;5523;903
taxonomy_v2,52,financas_publicas_fiscalidade_e_regulacao_financeira,"Finanças Públicas, Fiscalidade e Regulação Financeira",supervisao_e_regulacao_do_sistema_financeiro,Supervisão e regulação do sistema financeiro,"Propostas que tratam da supervisão, transparência e regulação das instituições de crédito e do sistema financeiro em Portugal.",30,strong,0.691707,0.728896,0.759282,0.820032,0.854356,0.839671,0.7493,1032;1677;2105;3014;3108;3268;3927;4073;4076;4153;4202;4275;4305;4454;4557;4576;4577;4682;4937;5038;5044;5181;5194;5195;5212;5257;5260;5545;5579;585
taxonomy_v2,53,governanca_justica_e_administracao_publica,"Governança, Justiça e Administração Pública",comunicacao_social_direitos_digitais_e_desinformacao,"Comunicação social, direitos digitais e desinformação","Propostas sobre comunicação social, liberdade de expressão online, direitos digitais, desinformação e sustentabilidade de órgãos de comunicação social.",4,low,0.77934,0.799507,0.819673,0.880173,0.927979,0.897998,0.8,1339;2025;3593;3773
taxonomy_v2,54,governanca_justica_e_administracao_publica,"Governança, Justiça e Administração Pública",comunidades_portuguesas_no_estrangeiro_e_participacao_civica,Comunidades portuguesas no estrangeiro e participação cívica,"Propostas sobre serviços consulares, participação eleitoral, associativismo e representação cívica das comunidades portuguesas residentes no estrangeiro.",6,medium,0.778947,0.795282,0.811616,0.846292,0.874977,0.867793,0.8016,1182;1760;2560;2649;2893;4156
taxonomy_v2,55,governanca_justica_e_administracao_publica,"Governança, Justiça e Administração Pública",cultura_patrimonio_e_direitos_autorais,"Cultura, património e direitos autorais","Propostas sobre preservação e valorização do património cultural, direitos de autor, direitos conexos e regulação do setor cultural, audiovisual e rádio.",87,strong,0.632474,0.700642,0.715124,0.750639,0.774266,0.773102,0.74,1002;1015;1140;1141;1146;1172;1197;1284;130;1363;1369;138;1383;14;1471;1473;148;1498;154;156;1562;1581;1609;1658;168;1705;1773;180;1818;188;1953;2026;203;2055;2147;2312;24;2462;2472;2816;2923;2924;2955;3030;3038;3198;3277;3295;342;359;3677;3689;3824;397;4244;4775;5;500;5036;5062;518;5230;5245;5321;5378;5403;5414;5489;5577;560;5602;5612;625;65;67;705;717;84;840;841;844;868;906;911;930;957;972
taxonomy_v2,56,governanca_justica_e_administracao_publica,"Governança, Justiça e Administração Pública",direitos_do_consumidor_e_contratacao_de_bens_e_servicos,Direitos do consumidor e contratação de bens e serviços,"Propostas sobre direitos dos consumidores na compra e venda de bens, serviços e conteúdos digitais, incluindo regras gerais de contratação.",11,strong,0.778127,0.791424,0.804722,0.808732,0.835601,0.842689,0.7947,1067;2452;2786;2787;2819;2867;3022;3028;3247;5248;5340
taxonomy_v2,57,governanca_justica_e_administracao_publica,"Governança, Justiça e Administração Pública",economia_social_cooperativas_e_setor_solidario,"Economia social, cooperativas e setor solidário","Propostas sobre economia social, cooperativas, mutualidades, fundações, misericórdias e entidades do setor social e solidário.",1,low,1.0,1.0,1.0,1.0,1.0,1.0,0.82,5429
taxonomy_v2,58,governanca_justica_e_administracao_publica,"Governança, Justiça e Administração Pública",gestao_publica_transparencia_e_avaliacao_de_entidades,"Gestão pública, transparência e avaliação de entidades","Propostas sobre avaliação, transparência, racionalização e informação pública relativa a entidades, observatórios e recursos humanos da administração pública.",2,low,0.888685,0.888685,0.888685,0.888685,0.888685,0.888685,0.82,2817;5364
taxonomy_v2,59,governanca_justica_e_administracao_publica,"Governança, Justiça e Administração Pública",participacao_cidada_e_iniciativa_legislativa,Participação cidadã e iniciativa legislativa,"Propostas sobre mecanismos de participação cívica, iniciativa legislativa de cidadãos e aprofundamento da participação democrática.",1,low,1.0,1.0,1.0,1.0,1.0,1.0,0.82,5477
taxonomy_v2,60,governanca_justica_e_administracao_publica,"Governança, Justiça e Administração Pública",reformas_e_funcionamento_dos_tribunais_administrativos,Reformas e funcionamento dos tribunais administrativos,"Propostas relacionadas com a organização, funcionamento e reformas dos tribunais administrativos e fiscais, incluindo celeridade processual e recrutamento de magistrados.",53,strong,0.740693,0.769006,0.775929,0.793899,0.811964,0.824069,0.7659,1028;1102;1249;1297;1463;1496;1667;1690;1692;1693;2136;2470;2476;2498;2500;2540;2729;2869;2932;2990;3078;310;319;3522;4294;4295;4300;4370;464;466;4701;4912;4950;5046;5052;5066;5146;5253;5274;5323;5326;5337;5353;5355;5358;5397;5398;5417;5578;666;75;767;878
taxonomy_v2,61,governanca_justica_e_administracao_publica,"Governança, Justiça e Administração Pública",regulacao_e_supervisao_do_conselho_de_ministros,Regulação e supervisão do Conselho de Ministros,"Propostas relacionadas com atos legislativos da Presidência do Conselho de Ministros, incluindo regulação de serviços digitais, cibersegurança e entidades reguladoras.",32,strong,0.69579,0.76547,0.783015,0.817114,0.850022,0.840378,0.773,1049;1105;1296;1301;1871;1894;2880;2918;3046;308;311;320;3428;4460;4767;5051;5072;5121;5143;5215;5220;5262;5288;5292;5317;5328;5412;5421;5422;594;899;95
taxonomy_v2,62,governanca_justica_e_administracao_publica,"Governança, Justiça e Administração Pública",regulacao_e_transparencia_de_cargos_politicos_e_altos_cargos_publicos,Regulação e transparência de cargos políticos e altos cargos públicos,"Propostas que tratam de impedimentos, incompatibilidades, transparência e exercício de funções por titulares de cargos políticos e altos cargos públicos.",71,strong,0.699457,0.748491,0.765869,0.790854,0.841439,0.830639,0.7559,1078;1080;1219;1279;1283;1423;1484;1489;162;163;1706;171;1820;2138;2213;2396;2404;2440;2484;2572;2599;2725;2747;2748;2750;2820;2824;2907;2913;2921;2978;3015;3089;3374;3421;3437;3451;3603;362;3782;3784;3846;3975;4214;4392;4561;4581;5155;5160;5180;5188;5190;5192;5197;5269;5280;5284;5296;5330;5336;5354;5434;5439;5440;5458;5561;5574;5582;751;950;963
taxonomy_v2,63,governanca_justica_e_administracao_publica,"Governança, Justiça e Administração Pública",servicos_publicos_comunicacoes_e_servico_postal_universal,"Serviços públicos, comunicações e serviço postal universal","Propostas sobre comunicações eletrónicas, CTT, serviço postal universal, privatizações e salvaguarda de serviços públicos estratégicos.",10,strong,0.785131,0.791162,0.797193,0.811888,0.839101,0.84065,0.7872,2890;3723;3925;4495;5168;5204;5272;5370;5524;5576
taxonomy_v2,64,governanca_justica_e_administracao_publica,"Governança, Justiça e Administração Pública",simplificacao_administrativa_licenciamentos_e_obrigacoes_formais,"Simplificação administrativa, licenciamentos e obrigações formais","Propostas sobre simplificação de licenciamentos, comunicações prévias, obrigações formais e regimes administrativos aplicáveis a atividades económicas ou serviços.",3,low,0.882422,0.884055,0.885688,0.890588,0.898753,0.894054,0.8,2106;2433;2434
taxonomy_v2,65,governanca_justica_e_administracao_publica,"Governança, Justiça e Administração Pública",valorizacao_e_condicoes_dos_funcionarios_judiciais,Valorização e condições dos funcionários judiciais,"Iniciativas que recomendam revisão do estatuto, valorização salarial e melhoria das condições de trabalho para oficiais e funcionários de justiça.",27,strong,0.76676,0.793846,0.810253,0.866722,0.891686,0.879322,0.8003,1103;1121;1180;1229;1266;1272;1327;1525;1574;1747;1843;1918;1993;2504;2513;2600;2849;2951;3094;3104;3140;45;4552;5048;700;824;929
taxonomy_v2,66,habitacao_urbanismo_e_financiamento,"Habitação, Urbanismo e Financiamento",credito_a_habitacao_e_taxas_de_juro,Crédito à habitação e taxas de juro,Propostas relacionadas com medidas de apoio e proteção dos particulares face ao aumento das taxas de juro nos contratos de crédito para aquisição de habitação própria.,77,strong,0.684309,0.759422,0.771634,0.815579,0.849778,0.845325,0.7616,10;1051;1194;1210;1278;1318;1334;1384;1472;1791;1836;2019;2083;2085;2086;2108;2121;2139;2141;2145;2187;2208;2226;2233;2356;2467;2475;2517;2520;2528;2555;2641;2643;2789;2809;2813;2851;2852;2895;2950;2954;2962;3025;3041;3051;3053;3054;3057;3105;3110;3123;3279;4100;4499;5184;5210;5218;5222;5226;5273;5290;5303;5308;5319;5399;5442;5469;5472;5473;5475;5563;5564;5586;5590;776;790;875
taxonomy_v2,67,habitacao_urbanismo_e_financiamento,"Habitação, Urbanismo e Financiamento",medidas_fiscais_para_habitacao_propria,Medidas fiscais para habitação própria,"Propostas que tratam de impostos municipais sobre habitação própria, incluindo IMI e IMT, e incentivos para jovens e famílias.",64,strong,0.707653,0.803922,0.815458,0.834228,0.870662,0.862461,0.8055,1069;1100;1211;1247;1292;1324;1412;1610;1616;1626;1632;1635;1795;1799;2072;2098;2120;2129;218;2194;2229;2235;2236;2389;2425;2466;2494;2509;2518;2523;273;2788;2812;3035;3052;3064;3084;3092;3099;3114;3119;3120;3145;3605;3637;4824;4888;5107;5229;5593;5594;5595;5596;5597;5610;581;600;609;750;83;874;881;883;98
taxonomy_v2,68,habitacao_urbanismo_e_financiamento,"Habitação, Urbanismo e Financiamento",mobilizacao_de_patrimonio_publico_para_habitacao,Mobilização de património público para habitação,Propostas que recomendam a utilização de imóveis públicos devolutos para fins habitacionais e combate à especulação imobiliária.,32,strong,0.764113,0.827025,0.844968,0.870461,0.901875,0.888807,0.835,1005;1040;106;1124;1125;1152;150;152;1863;1947;1981;1992;2197;2252;2320;2322;2343;334;338;366;4068;4248;480;50;544;566;704;731;774;855;949;998
taxonomy_v2,69,habitacao_urbanismo_e_financiamento,"Habitação, Urbanismo e Financiamento",regulacao_do_uso_do_solo_e_ordenamento_territorial_urbano,Regulação do uso do solo e ordenamento territorial urbano,"Propostas que tratam da simplificação, alteração e atualização do regime jurídico da urbanização, edificação, licenciamento e reconversão urbanística de áreas e imóveis.",36,strong,0.733984,0.759095,0.769122,0.795705,0.845068,0.835236,0.7591,1060;1294;1449;1786;1907;2054;2075;2092;2130;2393;2395;2657;2908;2979;3080;3141;3143;3342;3732;4115;4569;4683;49;5034;5120;5122;5162;5198;5206;5300;5360;5392;5452;85;902;953
taxonomy_v2,70,habitacao_urbanismo_e_financiamento,"Habitação, Urbanismo e Financiamento",regulacao_e_limitacao_de_rendas_de_arrendamento,Regulação e limitação de rendas de arrendamento,"Propostas que visam limitar aumentos de renda, regular contratos de arrendamento e proteger arrendatários.",74,strong,0.755965,0.788965,0.810275,0.840936,0.871385,0.868736,0.8003,1025;1046;1084;1089;1213;1215;1218;1226;1232;1241;1406;1408;1446;1448;1627;1642;1901;1909;2087;210;2144;2153;2209;2227;2406;2407;2408;242;2460;2507;2529;2566;2597;2768;2790;2830;2848;2860;2861;2987;300;3006;3029;3116;3251;3322;3343;3491;3884;3932;4051;411;436;441;457;4825;5114;5129;5178;5186;5335;5344;5345;5347;5368;5455;5498;5506;5540;5560;643;764;839;858
taxonomy_v2,71,justica_penal_seguranca_e_protecao_de_vitimas,"Justiça Penal, Segurança e Proteção de Vítimas",alteracoes_ao_codigo_de_processo_penal_e_medidas_penais,Alterações ao Código de Processo Penal e medidas penais,"Propostas que visam alterar o Código de Processo Penal para melhorar celeridade, assistência ao arguido, combate à corrupção e outras medidas penais.",43,strong,0.735402,0.780888,0.804271,0.819533,0.84077,0.840482,0.7943,1016;1453;1879;1887;2126;2207;2224;2485;2506;2588;2740;2746;2771;2875;2876;2915;2926;3075;3438;3440;3441;3709;4160;4162;4315;4514;4560;472;4829;5170;5182;5302;5309;5402;5411;5447;5542;5554;637;64;768;772;904
taxonomy_v2,72,justica_penal_seguranca_e_protecao_de_vitimas,"Justiça Penal, Segurança e Proteção de Vítimas",apoio_a_vitimas_de_acidentes_e_desaparecimentos,Apoio a vítimas de acidentes e desaparecimentos,"Propostas sobre indemnizações, prestações sociais, desaparecimentos e apoio a vítimas ou familiares após acidentes e sinistros graves.",1,low,1.0,1.0,1.0,1.0,1.0,1.0,0.82,5156
taxonomy_v2,73,justica_penal_seguranca_e_protecao_de_vitimas,"Justiça Penal, Segurança e Proteção de Vítimas",armas_municoes_e_dispositivos_de_airsoft,"Armas, munições e dispositivos de airsoft","Propostas sobre regime jurídico das armas, munições, entrega voluntária de armas, cofres de segurança e dispositivos de airsoft.",4,low,0.874481,0.878368,0.882254,0.893912,0.918809,0.913787,0.8,2182;3857;4083;4871
taxonomy_v2,74,justica_penal_seguranca_e_protecao_de_vitimas,"Justiça Penal, Segurança e Proteção de Vítimas",combate_a_violencia_domestica_e_discriminacao,Combate à violência doméstica e discriminação,"Propostas relacionadas com a prevenção e combate à violência doméstica, violência sexual baseada em imagens e discriminação contra mulheres e crianças.",66,strong,0.642924,0.719578,0.744166,0.781119,0.820439,0.811405,0.74,103;1061;108;1108;1138;1149;12;1338;1341;1375;1387;1528;1537;1539;1544;1554;1572;1582;1651;1758;1845;1937;1956;1974;1987;1988;1989;1998;2008;2009;2024;2293;230;2329;2351;2546;2583;2683;2684;2685;282;2847;2891;3194;341;38;4000;4177;42;4384;4496;506;5174;5381;5388;664;71;723;757;787;853;859;932;936;962;999
taxonomy_v2,75,justica_penal_seguranca_e_protecao_de_vitimas,"Justiça Penal, Segurança e Proteção de Vítimas",combate_ao_terrorismo_e_criminalidade_organizada,Combate ao terrorismo e criminalidade organizada,"Propostas relacionadas com investigação, repressão e prevenção de crimes graves, especialmente terrorismo e criminalidade organizada, incluindo troca de informações e registo criminal.",40,strong,0.703167,0.713339,0.750111,0.777925,0.805359,0.80334,0.7401,104;1098;1101;1869;1882;1991;2175;2222;2337;2435;2584;2601;2795;2888;2900;2916;2996;302;3626;3631;3954;4152;4316;453;5126;5131;5132;5133;5134;5148;5250;5251;5507;5513;5514;5516;5519;5584;584;679
taxonomy_v2,76,justica_penal_seguranca_e_protecao_de_vitimas,"Justiça Penal, Segurança e Proteção de Vítimas",crimes_sexuais_e_protecao_das_vitimas,Crimes sexuais e proteção das vítimas,"Propostas que tratam da tipificação, punição e proteção das vítimas em crimes sexuais, incluindo alterações ao código penal.",57,strong,0.671825,0.767758,0.796225,0.833746,0.88285,0.870828,0.7862,1007;1026;1682;1986;2007;2051;2068;2338;2378;2385;2392;2443;2457;2478;2488;2497;2502;2503;2526;2535;2536;2539;2564;2732;2821;2835;286;3011;3012;3039;3142;3159;3283;3483;3924;3944;4141;4200;4411;4777;5016;5112;5149;5150;5268;5304;5307;5528;5530;5531;5538;586;62;66;76;849;884
taxonomy_v2,77,justica_penal_seguranca_e_protecao_de_vitimas,"Justiça Penal, Segurança e Proteção de Vítimas",protecao_e_apoio_a_vitimas_de_violencia_domestica,Proteção e apoio a vítimas de violência doméstica,"Iniciativas legislativas que reforçam medidas de proteção, apoio e direitos das vítimas de violência doméstica, incluindo crianças e outras vítimas vulneráveis.",74,strong,0.712067,0.748206,0.767368,0.813112,0.853098,0.850632,0.7574,1033;1034;1262;1263;1267;1405;1456;1465;1470;1648;1659;1661;1804;204;2044;2152;2180;226;2386;2426;2510;2527;2533;2538;2691;2700;2708;2738;2739;2741;2843;2999;3058;3086;3093;3122;3433;418;423;4298;446;4550;4558;4572;5110;5127;5138;5141;5157;5271;5277;5281;5331;5377;5400;5441;5529;5532;567;58;582;589;590;591;593;603;611;621;631;658;762;763;90;907
taxonomy_v2,78,justica_penal_seguranca_e_protecao_de_vitimas,"Justiça Penal, Segurança e Proteção de Vítimas",seguranca_e_comunicacoes_em_estabelecimentos_prisionais,Segurança e comunicações em estabelecimentos prisionais,"Propostas sobre segurança prisional, utilização de telemóveis, inibidores de sinal e comunicações em estabelecimentos prisionais.",3,low,0.926439,0.929966,0.933493,0.944075,0.961712,0.951101,0.8,1192;1193;1374
taxonomy_v2,79,nacionalidade_migracao_e_asilo,"Nacionalidade, Migração e Asilo",nacionalidade_residencia_e_direitos_dos_estrangeiros,"Nacionalidade, residência e direitos dos estrangeiros","Propostas sobre nacionalidade, vistos, asilo, autorização de residência e direitos de cidadãos estrangeiros em Portugal.",108,strong,0.639993,0.707303,0.733938,0.783197,0.822301,0.818126,0.74,1;1045;1047;1059;1074;1093;1139;1187;1237;1242;1290;1348;137;1385;1413;1445;1447;1475;1482;1545;1585;1650;1652;1653;1712;1831;185;1856;1890;1891;1905;2014;2015;2021;2043;206;2063;213;2155;2216;2241;2248;235;2368;237;2371;2372;2384;2410;2469;2537;2542;2688;2731;2759;2761;2910;2912;2922;2925;2931;2982;2992;3001;3003;3021;303;3111;316;3323;3463;3531;3955;3991;4154;4161;417;4279;4287;4584;4662;467;515;5223;5255;5341;5390;5395;5396;5413;5444;5446;5494;5510;5518;5565;5572;575;616;669;745;860;862;869;897;915;92;943
taxonomy_v2,80,politica_externa_e_relacoes_internacionais,Política Externa e Relações Internacionais,assuntos_europeus_e_escrutinio_parlamentar,Assuntos europeus e escrutínio parlamentar,"Propostas sobre acompanhamento parlamentar da participação portuguesa na União Europeia, transposição de diretivas, posições em Conselhos Europeus e escrutínio de assuntos europeus.",5,medium,0.858675,0.865714,0.872754,0.893872,0.899935,0.896701,0.86,2100;2154;2439;2486;3136
taxonomy_v2,81,politica_externa_e_relacoes_internacionais,Política Externa e Relações Internacionais,posicoes_e_recomendacoes_sobre_crises_internacionais_e_direitos_humanos,Posições e recomendações sobre crises internacionais e direitos humanos,"Projetos de resolução que recomendam ações governamentais relativas a situações internacionais, com foco em direitos humanos e comunidades portuguesas no exterior.",69,strong,0.599031,0.653842,0.694272,0.752304,0.795442,0.789584,0.74,1123;1133;1144;1156;1166;1177;134;1372;1373;1381;1400;1404;144;151;153;1557;166;170;1729;1751;1778;1934;1949;1955;2080;2110;2112;2281;2292;2295;2438;2480;2481;2608;2647;2666;2762;2810;2946;3034;3660;372;378;4776;505;519;5231;533;537;5541;639;642;706;708;715;716;804;813;815;828;829;830;845;951;952;960;965;976;980
taxonomy_v2,82,politica_externa_e_relacoes_internacionais,Política Externa e Relações Internacionais,reconhecimento_do_estado_da_palestina_e_apoio_a_paz_no_medio_oriente,Reconhecimento do Estado da Palestina e apoio à paz no Médio Oriente,Propostas que recomendam o reconhecimento do Estado da Palestina e o apoio a soluções pacíficas para o conflito israelo-palestiniano.,34,strong,0.774165,0.826147,0.841391,0.878709,0.912316,0.904712,0.8314,107;1120;1176;1190;1204;1206;1317;1510;1571;1599;1604;1743;1752;1770;1828;1854;1859;1884;19;2196;2211;25;2559;2569;2589;2885;2898;3701;688;696;702;913;917;927
taxonomy_v2,83,saude_publica_cuidados_e_politicas_sociais,"Saúde Pública, Cuidados e Políticas Sociais",acessibilidade_certificacao_e_direitos_das_pessoas_com_deficiencia,"Acessibilidade, certificação e direitos das pessoas com deficiência","Propostas sobre acessibilidade, certificação de incapacidade, atestados multiuso, prestações sociais e reforço dos direitos das pessoas com deficiência.",93,strong,0.707392,0.742399,0.764127,0.792049,0.828853,0.822354,0.7541,1178;1191;1271;1388;1399;1433;1459;1579;158;1660;1754;1756;1849;1850;1864;1865;1965;1973;2131;2132;2140;2156;2177;2178;2181;223;233;2334;240;241;2430;2445;2456;2477;2532;254;2554;2782;284;2862;2865;2871;2909;295;3009;3060;3061;3068;3070;3106;3109;3121;3126;3229;329;3472;3566;3719;3923;409;4271;4386;4393;4501;4578;4926;496;497;508;5171;5394;5450;552;607;608;655;677;7;711;719;721;738;74;746;747;749;759;77;803;866;887;888;947
taxonomy_v2,84,saude_publica_cuidados_e_politicas_sociais,"Saúde Pública, Cuidados e Políticas Sociais",acesso_e_gestao_de_medicamentos_e_farmacias,Acesso e gestão de medicamentos e farmácias,"Propostas relacionadas com o acesso, distribuição, crise de abastecimento e regulamentação de medicamentos e farmácias em Portugal.",30,strong,0.737939,0.773264,0.778841,0.815968,0.858667,0.844082,0.7688,117;1303;1320;1839;1844;1995;2001;2004;2006;2038;2279;2379;2496;2524;3823;383;3956;3967;484;4948;5086;528;5405;5428;5456;549;5490;718;784;836
taxonomy_v2,85,saude_publica_cuidados_e_politicas_sociais,"Saúde Pública, Cuidados e Políticas Sociais",bioetica_ensaios_clinicos_e_morte_medicamente_assistida,"Bioética, ensaios clínicos e morte medicamente assistida","Propostas sobre morte medicamente assistida, ensaios clínicos e regimes de decisão clínica com implicações bioéticas.",18,strong,0.716019,0.769254,0.785118,0.82603,0.867255,0.851889,0.7751,105;1097;1106;1501;2297;2298;2578;2637;2660;4478;4513;4928;5151;5259;5314;5387;5427;99
taxonomy_v2,86,saude_publica_cuidados_e_politicas_sociais,"Saúde Pública, Cuidados e Políticas Sociais",comportamentos_aditivos_jogo_e_substancias_controladas,"Comportamentos aditivos, jogo e substâncias controladas","Propostas sobre jogo, apostas, publicidade associada, jogo patológico e regulação de substâncias controladas ou psicoativas.",30,strong,0.742957,0.744385,0.752134,0.787173,0.820309,0.810794,0.7421,1022;1291;1817;2084;2159;2191;228;229;2568;2927;3031;3125;3131;3527;399;400;4253;4313;5083;5207;5464;5546;5615;588;598;599;740;81;89;96
taxonomy_v2,87,saude_publica_cuidados_e_politicas_sociais,"Saúde Pública, Cuidados e Políticas Sociais",condicoes_laborais_e_valorizacao_da_carreira_de_enfermagem,Condições laborais e valorização da carreira de enfermagem,"Propostas que tratam do reconhecimento do desgaste rápido, regimes laborais específicos e valorização salarial para enfermeiros.",56,strong,0.731882,0.774373,0.791571,0.818418,0.851461,0.844793,0.7816,1119;1222;1325;1370;1377;1419;1421;1477;1480;1583;1587;1625;1702;1764;1809;1810;1842;187;1876;1957;1970;2073;2317;2324;2326;2414;2415;2474;251;2521;2579;2655;2674;2899;3008;3085;3132;332;333;352;3634;3693;386;486;5609;574;683;685;697;755;792;835;941;945;948;982
taxonomy_v2,88,saude_publica_cuidados_e_politicas_sociais,"Saúde Pública, Cuidados e Políticas Sociais",contribuicoes_e_beneficios_dos_subsistemas_de_saude_para_militares,Contribuições e benefícios dos subsistemas de saúde para militares,Propostas que tratam da redução e regulação das contribuições para subsistemas de saúde específicos dos militares e beneficiários das forças armadas.,24,strong,0.765032,0.784098,0.786524,0.831292,0.862234,0.855003,0.7765,1281;1282;1389;1457;1490;1824;1825;1827;2041;2047;2403;246;2512;261;264;2838;3087;385;4369;52;5482;5603;570;761
taxonomy_v2,89,saude_publica_cuidados_e_politicas_sociais,"Saúde Pública, Cuidados e Políticas Sociais",cuidados_continuados_integrados,Cuidados continuados integrados,Propostas que visam o reforço e expansão da Rede Nacional de Cuidados Continuados Integrados e melhoria das respostas sociais associadas.,25,strong,0.774402,0.85987,0.865864,0.869229,0.879779,0.878987,0.8559,1000;1185;1186;1189;1202;1591;1767;1852;191;2030;2724;2970;350;521;538;55;57;798;816;819;847;969;989;992;994
taxonomy_v2,90,saude_publica_cuidados_e_politicas_sociais,"Saúde Pública, Cuidados e Políticas Sociais",desporto_atividade_fisica_e_saude_publica,"Desporto, atividade física e saúde pública","Propostas sobre prática desportiva, retoma de competições, atividade física e impactos de saúde pública no desporto.",1,low,1.0,1.0,1.0,1.0,1.0,1.0,0.82,3646
taxonomy_v2,91,saude_publica_cuidados_e_politicas_sociais,"Saúde Pública, Cuidados e Políticas Sociais",direitos_e_protecao_na_gravidez_e_parto,Direitos e proteção na gravidez e parto,"Propostas focadas na proteção dos direitos das mulheres grávidas, prevenção da violência obstétrica e humanização dos cuidados no parto.",38,strong,0.81174,0.830411,0.836034,0.854985,0.885255,0.878915,0.826,1024;1027;1029;1062;1147;1148;1184;1268;1270;1344;1362;1444;1478;1584;1620;1634;1656;1698;1700;1806;1853;2267;2703;2704;3526;4567;4878;502;5064;5154;5592;580;686;698;703;796;876;924
taxonomy_v2,92,saude_publica_cuidados_e_politicas_sociais,"Saúde Pública, Cuidados e Políticas Sociais",doencas_cronicas_e_comparticipacao_de_tratamentos,Doenças crónicas e comparticipação de tratamentos,"Propostas que tratam da diabetes, doença de Crohn, epidermólise bolhosa e regimes de comparticipação para medicamentos e dispositivos médicos.",60,strong,0.751987,0.779128,0.79212,0.80788,0.826227,0.82451,0.7821,1001;1003;115;1300;1302;1418;1425;145;1500;1502;1504;155;1619;1929;2012;2023;2269;2305;2311;2349;2352;250;2718;2857;2963;3137;3201;3208;3221;3363;339;3402;3614;3648;367;3690;3895;3960;415;4676;471;474;475;499;5056;63;773;805;806;820;826;846;848;854;856;9;922;967;973;993
taxonomy_v2,93,saude_publica_cuidados_e_politicas_sociais,"Saúde Pública, Cuidados e Políticas Sociais",doencas_femininas_e_dadiva_de_sangue,Doenças femininas e dádiva de sangue,"Propostas relacionadas com a endometriose, adenomioma, saúde menstrual e incentivos à dádiva voluntária de sangue.",28,strong,0.781265,0.785794,0.807987,0.842487,0.868286,0.854522,0.798,1167;1217;1552;189;1958;1968;2291;2323;2325;2631;2652;2658;2659;275;2825;31;3161;357;3629;3645;438;47;542;557;811;838;843;893
taxonomy_v2,94,saude_publica_cuidados_e_politicas_sociais,"Saúde Pública, Cuidados e Políticas Sociais",gestao_e_reforco_do_servico_nacional_de_saude_sns,Gestão e reforço do Serviço Nacional de Saúde (SNS),"Iniciativas sobre modelos de gestão, financiamento, infraestruturas, cuidados primários, hospitais, parcerias e reforço do SNS para melhorar a prestação de cuidados de saúde.",117,strong,0.733817,0.795634,0.810218,0.835323,0.85088,0.848094,0.8002,110;1107;1110;1113;1122;1126;1127;1132;114;1153;1169;1179;1305;1307;1308;1312;1314;1315;1321;1396;1509;1513;1576;1595;1597;1607;1701;1737;175;1750;1765;1775;1811;1847;1848;1855;1877;1881;1883;1889;1916;1932;1939;1940;1942;1943;1966;1975;1980;1983;1994;2000;2032;2034;2067;2203;2251;2273;2280;2294;2318;2327;2331;2366;2622;2623;2630;2673;2679;2715;2719;2763;2897;2947;2972;3007;3148;3156;3230;3232;3250;328;335;351;3521;3525;3532;3583;3636;3647;370;3861;3865;3867;3873;4250;4251;4259;4448;4463;4820;5208;5537;649;684;693;699;775;781;783;788;793;802;821;833;920;956
taxonomy_v2,95,saude_publica_cuidados_e_politicas_sociais,"Saúde Pública, Cuidados e Políticas Sociais",isencao_e_eliminacao_de_taxas_moderadoras_no_sns,Isenção e eliminação de taxas moderadoras no SNS,"Propostas legislativas focadas na eliminação ou isenção do pagamento de taxas moderadoras para acesso a cuidados de saúde no Serviço Nacional de Saúde, incluindo transporte de doentes.",18,strong,0.844858,0.845796,0.847139,0.850842,0.861133,0.874464,0.8371,1474;2157;2161;243;2450;2543;2828;2879;4511;5235;5242;5316;5372;5457;5487;5495;5547;5607
taxonomy_v2,96,saude_publica_cuidados_e_politicas_sociais,"Saúde Pública, Cuidados e Políticas Sociais",licenca_parental_e_direitos_de_maternidade_paternidade,Licença parental e direitos de maternidade/paternidade,"Projetos que ampliam e garantem direitos relacionados à licença parental, períodos de licença, subsídios e proteção no trabalho para progenitores.",41,strong,0.778609,0.813264,0.824494,0.858063,0.879345,0.881668,0.8145,1088;1428;1466;1467;1662;1665;1805;2020;2234;2459;2505;2709;2733;2734;2785;2846;3113;3340;3630;3712;3774;3917;3919;393;4155;4158;431;4563;4566;4568;458;5013;5031;5158;5175;5334;5409;5553;671;68;737
taxonomy_v2,97,saude_publica_cuidados_e_politicas_sociais,"Saúde Pública, Cuidados e Políticas Sociais",pensoes_complementos_e_sustentabilidade_do_sistema_publico,"Pensões, complementos e sustentabilidade do sistema público","Propostas sobre atualização de pensões, complementos para pensionistas, idade legal de reforma, regimes especiais e sustentabilidade do sistema público de pensões.",67,strong,0.72399,0.741082,0.749326,0.782677,0.827486,0.819966,0.74,1006;1042;1044;1054;1055;1068;1070;1072;1082;1087;1090;1201;1257;1288;1442;1485;1638;167;1681;1798;1819;1985;208;2166;2183;2336;2347;2348;2355;2382;2427;2471;2516;2553;268;269;270;2806;4310;432;4383;4505;4508;4546;4574;4783;4955;5087;5118;5203;5243;5329;5384;5493;5566;558;620;665;726;727;728;732;795;863;865;889;979
taxonomy_v2,98,saude_publica_cuidados_e_politicas_sociais,"Saúde Pública, Cuidados e Políticas Sociais",politicas_para_pessoas_idosas,Políticas para pessoas idosas,"Propostas dirigidas ao reconhecimento de direitos, proteção e reforço da rede de apoio para pessoas idosas.",49,strong,0.75843,0.793881,0.823449,0.855617,0.882394,0.87404,0.8134,1183;1258;1269;1359;1364;1416;1508;1679;1699;1734;1740;1742;1748;1749;1861;1862;20;2028;2031;2184;2192;2296;2333;2653;2712;2832;2868;2973;331;3453;349;3657;401;404;413;43;4669;479;490;5040;605;632;682;735;752;797;867;898;914
taxonomy_v2,99,saude_publica_cuidados_e_politicas_sociais,"Saúde Pública, Cuidados e Políticas Sociais",procriacao_medicamente_assistida_e_infertilidade,Procriação medicamente assistida e infertilidade,"Propostas relacionadas com acesso, regulamentação e apoio a tratamentos de procriação medicamente assistida e infertilidade.",16,strong,0.813391,0.842802,0.855281,0.886922,0.908563,0.895802,0.8453,1131;1142;1157;1212;1220;1253;1349;1434;1518;1728;2672;3557;4771;4780;5460;5568
taxonomy_v2,100,saude_publica_cuidados_e_politicas_sociais,"Saúde Pública, Cuidados e Políticas Sociais",qualidade_ambiental_em_edificios_e_prevencao_sanitaria,Qualidade ambiental em edifícios e prevenção sanitária,"Propostas sobre qualidade do ar interior, água, biofilmes, legionella e riscos ambientais com impacto na saúde pública.",3,low,0.904531,0.905288,0.906045,0.908316,0.912101,0.924724,0.8,4249;4477;4784
taxonomy_v2,101,saude_publica_cuidados_e_politicas_sociais,"Saúde Pública, Cuidados e Políticas Sociais",rastreio_e_tratamento_do_cancro,Rastreio e tratamento do cancro,"Propostas relacionadas com o alargamento do rastreio precoce e acesso a tratamentos para o cancro, especialmente o cancro da mama.",23,strong,0.739855,0.832824,0.851112,0.887753,0.901564,0.89177,0.8411,1109;1205;1246;1306;1340;1350;1506;1532;1541;181;182;1906;2017;2301;2621;2646;376;382;481;548;551;720;981
taxonomy_v2,102,saude_publica_cuidados_e_politicas_sociais,"Saúde Pública, Cuidados e Políticas Sociais",reforco_e_expansao_dos_cuidados_paliativos,Reforço e expansão dos cuidados paliativos,"Projetos que recomendam o desenvolvimento, alargamento e melhoria da rede nacional de cuidados paliativos para doentes oncológicos e em fim de vida.",32,strong,0.735272,0.790361,0.810406,0.832379,0.875197,0.862418,0.8004,1150;1151;1260;1261;1358;1540;1561;157;159;161;1708;2052;2189;219;225;2417;2525;2534;258;274;4289;4491;5055;520;529;534;536;623;624;724;812;959
taxonomy_v2,103,saude_publica_cuidados_e_politicas_sociais,"Saúde Pública, Cuidados e Políticas Sociais",vacinacao_e_prevencao_da_doenca,Vacinação e prevenção da doença,"Propostas sobre planos de vacinação, prevenção da doença, imunização de adultos e medidas preventivas de saúde pública.",1,low,1.0,1.0,1.0,1.0,1.0,1.0,0.82,909
taxonomy_v2,104,saude_publica_cuidados_e_politicas_sociais,"Saúde Pública, Cuidados e Políticas Sociais",valorizacao_e_condicoes_dos_profissionais_de_saude_no_sns,Valorização e condições dos profissionais de saúde no SNS,"Propostas que visam melhorar a remuneração, estabilidade, dedicação e estatutos dos profissionais do Serviço Nacional de Saúde.",72,strong,0.746273,0.778039,0.79443,0.809363,0.837763,0.839637,0.7844,1018;111;1168;1276;1277;1393;1431;1521;1614;1655;1668;1672;1689;1730;1736;1822;1832;1833;1837;1885;2040;2066;2069;2071;2091;2134;215;2381;2390;2418;2419;2423;245;247;248;249;2511;2541;2754;2770;291;2991;2995;3065;3082;3124;3130;321;391;395;402;414;427;439;4768;4815;5050;5060;516;5285;5502;5583;576;604;614;617;635;754;799;86;891;894
taxonomy_v2,105,trabalho_direitos_laborais_e_recursos_humanos,"Trabalho, Direitos Laborais e Recursos Humanos",aumento_do_salario_minimo_nacional,Aumento do salário mínimo nacional,Propostas focadas no aumento do salário mínimo nacional e melhoria das remunerações dos trabalhadores.,25,strong,0.792095,0.793863,0.795528,0.814594,0.87912,0.86787,0.7855,1036;143;1511;1573;1577;1580;1683;1757;1771;207;2199;221;2212;2576;2605;2680;27;2944;355;5165;886;935;942;944;946
taxonomy_v2,106,trabalho_direitos_laborais_e_recursos_humanos,"Trabalho, Direitos Laborais e Recursos Humanos",carreira_e_condicoes_dos_investigadores_cientificos,Carreira e condições dos investigadores científicos,"Propostas relacionadas com o regime laboral, carreira, bolsas e valorização dos investigadores científicos e do pessoal de apoio à investigação.",30,strong,0.78433,0.824306,0.830946,0.846454,0.865273,0.864214,0.8209,1112;1145;1207;1264;1311;1353;1382;1499;1546;1559;1694;1720;1724;1834;197;199;2039;2514;298;3600;3786;394;4263;4266;4458;4679;5474;5480;5488;657
taxonomy_v2,107,trabalho_direitos_laborais_e_recursos_humanos,"Trabalho, Direitos Laborais e Recursos Humanos",condicoes_laborais_e_valorizacao_das_forcas_de_seguranca_e_militares,Condições laborais e valorização das forças de segurança e militares,"Propostas sobre condições de trabalho, saúde mental, habitação, remuneração, recrutamento e valorização de profissionais das forças de segurança e militares.",63,strong,0.671036,0.732746,0.743843,0.781507,0.834228,0.816901,0.74,1115;1118;1136;1160;1162;1195;1209;1319;1379;1394;1529;1567;1588;1589;165;1716;1718;173;176;1784;1858;1886;1917;192;193;194;196;1967;1971;205;2259;2275;2282;2283;2288;2330;2359;2375;2377;263;2667;2677;2720;3570;363;379;4291;4799;48;495;53;562;650;70;810;831;832;842;940;970;975;988;991
taxonomy_v2,108,trabalho_direitos_laborais_e_recursos_humanos,"Trabalho, Direitos Laborais e Recursos Humanos",direitos_laborais_jornada_ferias_e_descanso,"Direitos laborais: jornada, férias e descanso","Propostas que visam assegurar direitos dos trabalhadores relacionados com horas de trabalho, férias, feriados, descanso e alterações ao Código do Trabalho.",63,strong,0.708521,0.764699,0.779699,0.820634,0.853472,0.851365,0.7697,1221;1223;1240;127;1411;1415;1417;1460;1538;1542;1631;1813;1902;2037;2057;2387;2399;2401;2735;2807;2808;2853;2864;3151;322;3446;3871;3920;3926;4078;4089;4172;419;428;4378;4379;4447;4469;4489;4507;4585;4681;4695;4870;5033;5167;5169;5173;5191;5241;5265;5389;5470;5555;5567;5598;583;601;602;659;687;895;939
taxonomy_v2,109,trabalho_direitos_laborais_e_recursos_humanos,"Trabalho, Direitos Laborais e Recursos Humanos",igualdade_de_genero_e_combate_a_discriminacao_salarial,Igualdade de género e combate à discriminação salarial,"Propostas focadas na promoção da igualdade entre mulheres e homens, especialmente na remuneração e representação em órgãos de gestão.",25,strong,0.671229,0.757904,0.79218,0.830814,0.869428,0.849237,0.7822,1274;177;195;2124;2143;2174;2176;265;2811;297;3005;3127;373;4091;4545;4582;4704;4772;5247;5459;547;56;5611;653;837
taxonomy_v2,110,trabalho_direitos_laborais_e_recursos_humanos,"Trabalho, Direitos Laborais e Recursos Humanos",politicas_de_emprego_e_compensacao_salarial,Políticas de emprego e compensação salarial,"Propostas sobre emprego público, combate ao desemprego, garantia de emprego, compensações salariais e apoios laborais setoriais.",2,low,0.861518,0.861518,0.861518,0.861518,0.861518,0.861518,0.82,5293;59
taxonomy_v2,111,trabalho_direitos_laborais_e_recursos_humanos,"Trabalho, Direitos Laborais e Recursos Humanos",reformas_do_codigo_do_trabalho_e_direitos_laborais,Reformas do Código do Trabalho e Direitos Laborais,"Propostas focadas na alteração do Código do Trabalho para reforçar direitos dos trabalhadores, combater precariedade e regular contratos e despedimentos.",67,strong,0.685654,0.746556,0.778789,0.816379,0.843152,0.839692,0.7688,1010;1199;1200;1323;146;1469;1479;1488;15;1503;1600;1629;1647;1666;1821;1898;2035;2049;2103;2104;2117;2169;2247;2383;2388;2394;2432;244;2508;2557;2596;2598;2639;2784;305;306;3083;3252;3254;3286;3292;3309;3584;3594;3722;3733;3874;4070;421;4376;4382;443;4516;460;463;4710;5244;5252;5295;5342;5343;5365;5431;5466;5613;896;971
taxonomy_v2,112,trabalho_direitos_laborais_e_recursos_humanos,"Trabalho, Direitos Laborais e Recursos Humanos",regulacao_de_profissoes_e_qualificacoes_profissionais,Regulação de profissões e qualificações profissionais,"Propostas sobre acesso e exercício de profissões, qualificações profissionais, certificações, reconhecimento profissional e regimes profissionais específicos.",3,low,0.826765,0.834511,0.842257,0.865494,0.904224,0.878686,0.8,312;5027;5211
taxonomy_v2,113,trabalho_direitos_laborais_e_recursos_humanos,"Trabalho, Direitos Laborais e Recursos Humanos",regulacao_e_organizacao_das_associacoes_profissionais,Regulação e organização das associações profissionais,"Propostas relacionadas com o regime jurídico, organização e funcionamento das associações públicas profissionais e a regulação do exercício profissional.",48,strong,0.671108,0.755515,0.76285,0.781749,0.826837,0.83379,0.7529,1435;1868;2172;2173;2441;2444;2693;2728;2756;278;2854;2882;2933;2974;2993;3097;3100;3155;4058;4060;4062;4260;4360;4675;482;5130;5135;5136;5137;5139;5140;5142;5147;5256;5508;5512;5520;5521;5522;5525;5539;5587;5600;5604;610;638;661;69
taxonomy_v2,114,trabalho_direitos_laborais_e_recursos_humanos,"Trabalho, Direitos Laborais e Recursos Humanos",suplementos_e_regime_de_pensoes_para_forcas_de_seguranca,Suplementos e regime de pensões para forças de segurança,"Propostas que asseguram aumento de suplementos por serviço e risco, e revisão do regime de pensões para pessoal das forças e serviços de segurança.",47,strong,0.779376,0.788766,0.796335,0.833816,0.862033,0.857513,0.7863,1096;1216;1410;1451;1452;1550;1592;1615;1691;1780;1900;2011;2061;2095;2096;2397;2431;252;2585;2586;2602;266;2760;2765;2772;2798;2799;281;2839;2845;2988;2998;3023;3037;3059;407;4173;4381;442;4548;4562;4571;4894;654;663;753;756
taxonomy_v2,115,trabalho_direitos_laborais_e_recursos_humanos,"Trabalho, Direitos Laborais e Recursos Humanos",valorizacao_e_direitos_dos_bombeiros_e_sapadores,Valorização e direitos dos bombeiros e sapadores,"Projetos que visam reconhecer o estatuto profissional dos bombeiros, incluindo direitos, condições de trabalho, e regimes especiais de aposentadoria.",33,strong,0.78668,0.805351,0.814871,0.849257,0.889126,0.875067,0.8049,1021;1030;122;128;140;141;142;1636;1781;217;2253;234;2421;2635;2689;324;4372;4564;4705;4706;4876;5021;504;5418;597;691;692;709;79;80;88;91;931
taxonomy_v2,116,transportes_e_mobilidade,Transportes e Mobilidade,desenvolvimento_e_investimento_na_rede_ferroviaria_nacional,Desenvolvimento e Investimento na Rede Ferroviária Nacional,"Propostas que recomendam a priorização, revisão e investimento no plano ferroviário nacional, incluindo linhas de alta velocidade e ligações regionais.",36,strong,0.795437,0.809754,0.820516,0.859761,0.872856,0.874956,0.8105,1052;1063;1073;1083;1134;1135;1322;1351;1355;1356;1549;1915;1963;2200;2201;2254;2262;2265;2272;2274;2341;2563;2565;2595;2616;2625;2958;3191;3644;3653;3852;4064;4256;4854;5071;514
taxonomy_v2,117,transportes_e_mobilidade,Transportes e Mobilidade,eliminacao_e_reducao_de_portagens_nas_autoestradas_do_interior,Eliminação e redução de portagens nas autoestradas do interior,"Propostas que defendem a eliminação ou redução gradual das portagens em autoestradas, especialmente nas regiões do interior do país.",33,strong,0.809634,0.825428,0.833821,0.861738,0.883407,0.883173,0.8238,1198;1342;1427;1432;1520;1531;1715;1719;2107;2137;2148;2160;2306;2307;2468;2483;2489;2490;2493;2495;2826;2827;2829;3146;4374;4445;4659;4773;5058;5301;5580;5581;880
taxonomy_v2,118,transportes_e_mobilidade,Transportes e Mobilidade,incentivos_e_melhorias_nos_transportes_publicos,Incentivos e melhorias nos transportes públicos,"Propostas que recomendam medidas para promoção, integração tarifária, valorização e expansão dos transportes públicos e coletivos, incluindo passes nacionais.",21,strong,0.7688,0.769122,0.810957,0.830754,0.866112,0.860299,0.801,1593;1594;1763;1860;190;2163;2515;2613;2855;2941;3042;3103;369;381;388;5073;5232;545;555;640;985
taxonomy_v2,119,transportes_e_mobilidade,Transportes e Mobilidade,mobilidade_ciclavel_e_modos_suaves,Mobilidade ciclável e modos suaves,"Propostas sobre ciclovias, bicicleta, mobilidade suave, redes cicláveis e promoção de modos ativos de transporte.",1,low,1.0,1.0,1.0,1.0,1.0,1.0,0.82,5451
taxonomy_v2,120,transportes_e_mobilidade,Transportes e Mobilidade,mobilidade_eletrica_e_legislacao_veicular,Mobilidade elétrica e legislação veicular,"Propostas relacionadas com veículos elétricos, mobilidade elétrica, isenções fiscais, estacionamento e alterações ao código da estrada.",29,strong,0.781245,0.790135,0.800337,0.813712,0.824266,0.831402,0.7903,1188;1235;1287;1390;1483;1643;1738;1755;1789;1812;2202;2237;2491;2544;2548;3047;3049;3074;3102;3134;314;3288;426;4544;4921;5351;5445;5558;563
taxonomy_v2,121,transportes_e_mobilidade,Transportes e Mobilidade,navegacao_interior_e_transporte_fluvial,Navegação interior e transporte fluvial,"Propostas sobre navegação interior, transporte fluvial, embarcações e regimes profissionais ou administrativos associados a vias navegáveis interiores.",1,low,1.0,1.0,1.0,1.0,1.0,1.0,0.82,2889
taxonomy_v2,122,transportes_e_mobilidade,Transportes e Mobilidade,regulacao_do_transporte_individual_remunerado_tvde,Regulação do transporte individual remunerado (TVDE),"Propostas que tratam do regime jurídico, atividade, operadores e plataformas associadas ao transporte individual remunerado de passageiros em veículos descaracterizados.",26,strong,0.806133,0.810123,0.818661,0.839453,0.879013,0.878453,0.8087,1227;1371;1522;1566;1673;172;174;2531;2567;257;2590;2870;3996;4209;433;434;4387;440;448;451;5123;5420;5423;676;742;97
taxonomy_v2,123,transportes_e_mobilidade,Transportes e Mobilidade,reprivatizacao_da_tap_e_gestao_aeroportuaria,Reprivatização da TAP e Gestão Aeroportuária,"Propostas relacionadas com a reprivatização da TAP, defesa do interesse público, proteção dos trabalhadores e planeamento aeroportuário.",19,strong,0.795029,0.795746,0.817628,0.830668,0.854194,0.850124,0.8076,112;147;1931;2242;2271;2303;2449;2619;2645;2654;2801;3027;3355;346;347;4272;4670;5605;938
taxonomy_v2,124,transportes_e_mobilidade,Transportes e Mobilidade,requalificacao_e_melhorias_do_itinerario_complementar_8_ic8,Requalificação e melhorias do Itinerário Complementar 8 (IC8),"Propostas que recomendam a requalificação urgente e melhorias no IC8, uma via rodoviária que liga o litoral ao interior do país.",18,strong,0.826407,0.852879,0.861739,0.872488,0.887507,0.890151,0.8517,1380;1551;1714;1726;178;179;1911;1912;1913;1926;2238;2240;2250;2258;3650;4252;543;777
taxonomy_v2,125,transportes_e_mobilidade,Transportes e Mobilidade,subsidio_social_de_mobilidade_e_transporte_regional,Subsídio Social de Mobilidade e Transporte Regional,Propostas que recomendam a operacionalização e revisão do Subsídio Social de Mobilidade para residentes em regiões autónomas e melhoria do transporte aéreo e marítimo.,34,strong,0.793276,0.806244,0.811488,0.837668,0.865539,0.858349,0.8015,1037;1038;1039;1050;1092;1116;1225;126;129;131;132;1328;133;1332;1517;2162;2344;3026;32;33;343;354;44;4770;478;5069;517;527;619;778;782;851;916;984
